iteration: 10, loss: 0.3967, scmap loss: 0.3181, locref loss: 0.0147, limb loss: 0.0639, lr: 0.0001
iteration: 20, loss: 0.0624, scmap loss: 0.0401, locref loss: 0.0058, limb loss: 0.0165, lr: 0.0001
iteration: 30, loss: 0.0424, scmap loss: 0.0325, locref loss: 0.0029, limb loss: 0.0070, lr: 0.0001
iteration: 40, loss: 0.0318, scmap loss: 0.0243, locref loss: 0.0022, limb loss: 0.0053, lr: 0.0001
iteration: 50, loss: 0.0294, scmap loss: 0.0243, locref loss: 0.0014, limb loss: 0.0036, lr: 0.0001
iteration: 60, loss: 0.0283, scmap loss: 0.0242, locref loss: 0.0012, limb loss: 0.0029, lr: 0.0001
iteration: 70, loss: 0.0262, scmap loss: 0.0227, locref loss: 0.0010, limb loss: 0.0025, lr: 0.0001
iteration: 80, loss: 0.0239, scmap loss: 0.0211, locref loss: 0.0008, limb loss: 0.0020, lr: 0.0001
iteration: 90, loss: 0.0208, scmap loss: 0.0185, locref loss: 0.0007, limb loss: 0.0016, lr: 0.0001
iteration: 100, loss: 0.0228, scmap loss: 0.0205, locref loss: 0.0006, limb loss: 0.0016, lr: 0.0001
iteration: 110, loss: 0.0199, scmap loss: 0.0179, locref loss: 0.0006, limb loss: 0.0015, lr: 0.0001
iteration: 120, loss: 0.0223, scmap loss: 0.0200, locref loss: 0.0007, limb loss: 0.0016, lr: 0.0001
iteration: 130, loss: 0.0239, scmap loss: 0.0215, locref loss: 0.0007, limb loss: 0.0017, lr: 0.0001
iteration: 140, loss: 0.0195, scmap loss: 0.0176, locref loss: 0.0006, limb loss: 0.0013, lr: 0.0001
iteration: 150, loss: 0.0196, scmap loss: 0.0177, locref loss: 0.0005, limb loss: 0.0014, lr: 0.0001
iteration: 160, loss: 0.0185, scmap loss: 0.0168, locref loss: 0.0005, limb loss: 0.0013, lr: 0.0001
iteration: 170, loss: 0.0217, scmap loss: 0.0202, locref loss: 0.0005, limb loss: 0.0010, lr: 0.0001
iteration: 180, loss: 0.0212, scmap loss: 0.0195, locref loss: 0.0005, limb loss: 0.0012, lr: 0.0001
iteration: 190, loss: 0.0216, scmap loss: 0.0196, locref loss: 0.0006, limb loss: 0.0014, lr: 0.0001
iteration: 200, loss: 0.0154, scmap loss: 0.0138, locref loss: 0.0004, limb loss: 0.0012, lr: 0.0001
iteration: 210, loss: 0.0180, scmap loss: 0.0164, locref loss: 0.0005, limb loss: 0.0011, lr: 0.0001
iteration: 220, loss: 0.0166, scmap loss: 0.0151, locref loss: 0.0005, limb loss: 0.0010, lr: 0.0001
iteration: 230, loss: 0.0145, scmap loss: 0.0131, locref loss: 0.0004, limb loss: 0.0010, lr: 0.0001
iteration: 240, loss: 0.0178, scmap loss: 0.0159, locref loss: 0.0005, limb loss: 0.0014, lr: 0.0001
iteration: 250, loss: 0.0159, scmap loss: 0.0144, locref loss: 0.0004, limb loss: 0.0011, lr: 0.0001
iteration: 260, loss: 0.0136, scmap loss: 0.0122, locref loss: 0.0004, limb loss: 0.0010, lr: 0.0001
iteration: 270, loss: 0.0147, scmap loss: 0.0132, locref loss: 0.0004, limb loss: 0.0010, lr: 0.0001
iteration: 280, loss: 0.0142, scmap loss: 0.0128, locref loss: 0.0004, limb loss: 0.0009, lr: 0.0001
iteration: 290, loss: 0.0125, scmap loss: 0.0112, locref loss: 0.0004, limb loss: 0.0009, lr: 0.0001
iteration: 300, loss: 0.0132, scmap loss: 0.0118, locref loss: 0.0004, limb loss: 0.0010, lr: 0.0001
iteration: 310, loss: 0.0114, scmap loss: 0.0101, locref loss: 0.0004, limb loss: 0.0008, lr: 0.0001
iteration: 320, loss: 0.0114, scmap loss: 0.0103, locref loss: 0.0004, limb loss: 0.0007, lr: 0.0001
iteration: 330, loss: 0.0131, scmap loss: 0.0116, locref loss: 0.0004, limb loss: 0.0011, lr: 0.0001
iteration: 340, loss: 0.0125, scmap loss: 0.0111, locref loss: 0.0004, limb loss: 0.0010, lr: 0.0001
iteration: 350, loss: 0.0104, scmap loss: 0.0092, locref loss: 0.0004, limb loss: 0.0009, lr: 0.0001
iteration: 360, loss: 0.0115, scmap loss: 0.0103, locref loss: 0.0004, limb loss: 0.0008, lr: 0.0001
iteration: 370, loss: 0.0120, scmap loss: 0.0106, locref loss: 0.0004, limb loss: 0.0010, lr: 0.0001
iteration: 380, loss: 0.0112, scmap loss: 0.0098, locref loss: 0.0004, limb loss: 0.0010, lr: 0.0001
iteration: 390, loss: 0.0100, scmap loss: 0.0087, locref loss: 0.0004, limb loss: 0.0008, lr: 0.0001
iteration: 400, loss: 0.0132, scmap loss: 0.0113, locref loss: 0.0005, limb loss: 0.0013, lr: 0.0001
iteration: 410, loss: 0.0110, scmap loss: 0.0097, locref loss: 0.0004, limb loss: 0.0010, lr: 0.0001
iteration: 420, loss: 0.0082, scmap loss: 0.0072, locref loss: 0.0003, limb loss: 0.0007, lr: 0.0001
iteration: 430, loss: 0.0097, scmap loss: 0.0085, locref loss: 0.0004, limb loss: 0.0008, lr: 0.0001
iteration: 440, loss: 0.0101, scmap loss: 0.0089, locref loss: 0.0003, limb loss: 0.0008, lr: 0.0001
iteration: 450, loss: 0.0083, scmap loss: 0.0073, locref loss: 0.0003, limb loss: 0.0007, lr: 0.0001
iteration: 460, loss: 0.0090, scmap loss: 0.0079, locref loss: 0.0004, limb loss: 0.0007, lr: 0.0001
iteration: 470, loss: 0.0107, scmap loss: 0.0096, locref loss: 0.0004, limb loss: 0.0008, lr: 0.0001
iteration: 480, loss: 0.0095, scmap loss: 0.0083, locref loss: 0.0004, limb loss: 0.0009, lr: 0.0001
iteration: 490, loss: 0.0083, scmap loss: 0.0073, locref loss: 0.0003, limb loss: 0.0008, lr: 0.0001
iteration: 500, loss: 0.0089, scmap loss: 0.0078, locref loss: 0.0003, limb loss: 0.0008, lr: 0.0001
iteration: 510, loss: 0.0076, scmap loss: 0.0067, locref loss: 0.0003, limb loss: 0.0006, lr: 0.0001
iteration: 520, loss: 0.0096, scmap loss: 0.0085, locref loss: 0.0003, limb loss: 0.0008, lr: 0.0001
iteration: 530, loss: 0.0095, scmap loss: 0.0084, locref loss: 0.0003, limb loss: 0.0008, lr: 0.0001
iteration: 540, loss: 0.0079, scmap loss: 0.0069, locref loss: 0.0003, limb loss: 0.0007, lr: 0.0001
iteration: 550, loss: 0.0087, scmap loss: 0.0077, locref loss: 0.0003, limb loss: 0.0006, lr: 0.0001
iteration: 560, loss: 0.0091, scmap loss: 0.0082, locref loss: 0.0003, limb loss: 0.0006, lr: 0.0001
iteration: 570, loss: 0.0085, scmap loss: 0.0074, locref loss: 0.0003, limb loss: 0.0007, lr: 0.0001
iteration: 580, loss: 0.0089, scmap loss: 0.0077, locref loss: 0.0003, limb loss: 0.0009, lr: 0.0001
iteration: 590, loss: 0.0091, scmap loss: 0.0080, locref loss: 0.0003, limb loss: 0.0008, lr: 0.0001
iteration: 600, loss: 0.0079, scmap loss: 0.0068, locref loss: 0.0003, limb loss: 0.0007, lr: 0.0001
iteration: 610, loss: 0.0091, scmap loss: 0.0081, locref loss: 0.0003, limb loss: 0.0007, lr: 0.0001
iteration: 620, loss: 0.0085, scmap loss: 0.0076, locref loss: 0.0003, limb loss: 0.0006, lr: 0.0001
iteration: 630, loss: 0.0081, scmap loss: 0.0072, locref loss: 0.0003, limb loss: 0.0006, lr: 0.0001
iteration: 640, loss: 0.0081, scmap loss: 0.0072, locref loss: 0.0003, limb loss: 0.0006, lr: 0.0001
iteration: 650, loss: 0.0084, scmap loss: 0.0075, locref loss: 0.0003, limb loss: 0.0006, lr: 0.0001
iteration: 660, loss: 0.0091, scmap loss: 0.0078, locref loss: 0.0004, limb loss: 0.0009, lr: 0.0001
iteration: 670, loss: 0.0086, scmap loss: 0.0075, locref loss: 0.0004, limb loss: 0.0008, lr: 0.0001
iteration: 680, loss: 0.0087, scmap loss: 0.0076, locref loss: 0.0003, limb loss: 0.0008, lr: 0.0001
iteration: 690, loss: 0.0075, scmap loss: 0.0065, locref loss: 0.0003, limb loss: 0.0007, lr: 0.0001
iteration: 700, loss: 0.0073, scmap loss: 0.0061, locref loss: 0.0003, limb loss: 0.0009, lr: 0.0001
iteration: 710, loss: 0.0076, scmap loss: 0.0068, locref loss: 0.0003, limb loss: 0.0006, lr: 0.0001
iteration: 720, loss: 0.0075, scmap loss: 0.0065, locref loss: 0.0003, limb loss: 0.0007, lr: 0.0001
iteration: 730, loss: 0.0075, scmap loss: 0.0067, locref loss: 0.0003, limb loss: 0.0006, lr: 0.0001
iteration: 740, loss: 0.0088, scmap loss: 0.0078, locref loss: 0.0003, limb loss: 0.0006, lr: 0.0001
iteration: 750, loss: 0.0076, scmap loss: 0.0068, locref loss: 0.0003, limb loss: 0.0005, lr: 0.0001
iteration: 760, loss: 0.0069, scmap loss: 0.0061, locref loss: 0.0003, limb loss: 0.0006, lr: 0.0001
iteration: 770, loss: 0.0062, scmap loss: 0.0056, locref loss: 0.0002, limb loss: 0.0005, lr: 0.0001
iteration: 780, loss: 0.0069, scmap loss: 0.0062, locref loss: 0.0002, limb loss: 0.0005, lr: 0.0001
iteration: 790, loss: 0.0064, scmap loss: 0.0056, locref loss: 0.0003, limb loss: 0.0006, lr: 0.0001
iteration: 800, loss: 0.0068, scmap loss: 0.0060, locref loss: 0.0002, limb loss: 0.0006, lr: 0.0001
iteration: 810, loss: 0.0057, scmap loss: 0.0049, locref loss: 0.0002, limb loss: 0.0005, lr: 0.0001
iteration: 820, loss: 0.0074, scmap loss: 0.0066, locref loss: 0.0002, limb loss: 0.0005, lr: 0.0001
iteration: 830, loss: 0.0085, scmap loss: 0.0077, locref loss: 0.0003, limb loss: 0.0005, lr: 0.0001
iteration: 840, loss: 0.0075, scmap loss: 0.0068, locref loss: 0.0002, limb loss: 0.0005, lr: 0.0001
iteration: 850, loss: 0.0066, scmap loss: 0.0059, locref loss: 0.0002, limb loss: 0.0004, lr: 0.0001
iteration: 860, loss: 0.0062, scmap loss: 0.0054, locref loss: 0.0002, limb loss: 0.0005, lr: 0.0001
iteration: 870, loss: 0.0062, scmap loss: 0.0054, locref loss: 0.0002, limb loss: 0.0006, lr: 0.0001
iteration: 880, loss: 0.0069, scmap loss: 0.0059, locref loss: 0.0003, limb loss: 0.0007, lr: 0.0001
iteration: 890, loss: 0.0070, scmap loss: 0.0059, locref loss: 0.0003, limb loss: 0.0008, lr: 0.0001
iteration: 900, loss: 0.0072, scmap loss: 0.0063, locref loss: 0.0003, limb loss: 0.0007, lr: 0.0001
iteration: 910, loss: 0.0061, scmap loss: 0.0053, locref loss: 0.0003, limb loss: 0.0006, lr: 0.0001
iteration: 920, loss: 0.0077, scmap loss: 0.0067, locref loss: 0.0003, limb loss: 0.0007, lr: 0.0001
iteration: 930, loss: 0.0073, scmap loss: 0.0065, locref loss: 0.0002, limb loss: 0.0006, lr: 0.0001
iteration: 940, loss: 0.0076, scmap loss: 0.0068, locref loss: 0.0003, limb loss: 0.0006, lr: 0.0001
iteration: 950, loss: 0.0069, scmap loss: 0.0062, locref loss: 0.0002, limb loss: 0.0005, lr: 0.0001
iteration: 960, loss: 0.0064, scmap loss: 0.0056, locref loss: 0.0002, limb loss: 0.0006, lr: 0.0001
iteration: 970, loss: 0.0063, scmap loss: 0.0056, locref loss: 0.0002, limb loss: 0.0005, lr: 0.0001
iteration: 980, loss: 0.0059, scmap loss: 0.0052, locref loss: 0.0002, limb loss: 0.0005, lr: 0.0001
iteration: 990, loss: 0.0061, scmap loss: 0.0055, locref loss: 0.0002, limb loss: 0.0004, lr: 0.0001
iteration: 1000, loss: 0.0056, scmap loss: 0.0049, locref loss: 0.0002, limb loss: 0.0004, lr: 0.0001
iteration: 1010, loss: 0.0055, scmap loss: 0.0048, locref loss: 0.0002, limb loss: 0.0004, lr: 0.0001
iteration: 1020, loss: 0.0057, scmap loss: 0.0050, locref loss: 0.0002, limb loss: 0.0005, lr: 0.0001
iteration: 1030, loss: 0.0058, scmap loss: 0.0051, locref loss: 0.0002, limb loss: 0.0005, lr: 0.0001
iteration: 1040, loss: 0.0068, scmap loss: 0.0060, locref loss: 0.0002, limb loss: 0.0005, lr: 0.0001
iteration: 1050, loss: 0.0063, scmap loss: 0.0056, locref loss: 0.0002, limb loss: 0.0005, lr: 0.0001
iteration: 1060, loss: 0.0066, scmap loss: 0.0058, locref loss: 0.0002, limb loss: 0.0006, lr: 0.0001
iteration: 1070, loss: 0.0064, scmap loss: 0.0057, locref loss: 0.0002, limb loss: 0.0005, lr: 0.0001
iteration: 1080, loss: 0.0057, scmap loss: 0.0051, locref loss: 0.0002, limb loss: 0.0004, lr: 0.0001
iteration: 1090, loss: 0.0061, scmap loss: 0.0055, locref loss: 0.0002, limb loss: 0.0004, lr: 0.0001
iteration: 1100, loss: 0.0056, scmap loss: 0.0049, locref loss: 0.0002, limb loss: 0.0005, lr: 0.0001
iteration: 1110, loss: 0.0058, scmap loss: 0.0052, locref loss: 0.0002, limb loss: 0.0004, lr: 0.0001
iteration: 1120, loss: 0.0057, scmap loss: 0.0051, locref loss: 0.0002, limb loss: 0.0004, lr: 0.0001
iteration: 1130, loss: 0.0053, scmap loss: 0.0046, locref loss: 0.0002, limb loss: 0.0005, lr: 0.0001
iteration: 1140, loss: 0.0063, scmap loss: 0.0057, locref loss: 0.0002, limb loss: 0.0005, lr: 0.0001
iteration: 1150, loss: 0.0074, scmap loss: 0.0066, locref loss: 0.0002, limb loss: 0.0005, lr: 0.0001
iteration: 1160, loss: 0.0053, scmap loss: 0.0047, locref loss: 0.0002, limb loss: 0.0004, lr: 0.0001
iteration: 1170, loss: 0.0061, scmap loss: 0.0054, locref loss: 0.0002, limb loss: 0.0005, lr: 0.0001
iteration: 1180, loss: 0.0070, scmap loss: 0.0063, locref loss: 0.0002, limb loss: 0.0005, lr: 0.0001
iteration: 1190, loss: 0.0067, scmap loss: 0.0060, locref loss: 0.0002, limb loss: 0.0005, lr: 0.0001
iteration: 1200, loss: 0.0062, scmap loss: 0.0055, locref loss: 0.0002, limb loss: 0.0005, lr: 0.0001
iteration: 1210, loss: 0.0063, scmap loss: 0.0057, locref loss: 0.0002, limb loss: 0.0004, lr: 0.0001
iteration: 1220, loss: 0.0061, scmap loss: 0.0055, locref loss: 0.0002, limb loss: 0.0005, lr: 0.0001
iteration: 1230, loss: 0.0054, scmap loss: 0.0048, locref loss: 0.0002, limb loss: 0.0004, lr: 0.0001
iteration: 1240, loss: 0.0054, scmap loss: 0.0048, locref loss: 0.0002, limb loss: 0.0004, lr: 0.0001
iteration: 1250, loss: 0.0057, scmap loss: 0.0051, locref loss: 0.0002, limb loss: 0.0004, lr: 0.0001
iteration: 1260, loss: 0.0056, scmap loss: 0.0050, locref loss: 0.0002, limb loss: 0.0004, lr: 0.0001
iteration: 1270, loss: 0.0054, scmap loss: 0.0048, locref loss: 0.0002, limb loss: 0.0004, lr: 0.0001
iteration: 1280, loss: 0.0058, scmap loss: 0.0053, locref loss: 0.0002, limb loss: 0.0004, lr: 0.0001
iteration: 1290, loss: 0.0051, scmap loss: 0.0047, locref loss: 0.0002, limb loss: 0.0003, lr: 0.0001
iteration: 1300, loss: 0.0061, scmap loss: 0.0055, locref loss: 0.0002, limb loss: 0.0004, lr: 0.0001
iteration: 1310, loss: 0.0053, scmap loss: 0.0048, locref loss: 0.0002, limb loss: 0.0003, lr: 0.0001
iteration: 1320, loss: 0.0051, scmap loss: 0.0045, locref loss: 0.0002, limb loss: 0.0004, lr: 0.0001
iteration: 1330, loss: 0.0060, scmap loss: 0.0053, locref loss: 0.0002, limb loss: 0.0005, lr: 0.0001
iteration: 1340, loss: 0.0065, scmap loss: 0.0059, locref loss: 0.0002, limb loss: 0.0005, lr: 0.0001
iteration: 1350, loss: 0.0060, scmap loss: 0.0053, locref loss: 0.0002, limb loss: 0.0005, lr: 0.0001
iteration: 1360, loss: 0.0049, scmap loss: 0.0043, locref loss: 0.0002, limb loss: 0.0005, lr: 0.0001
iteration: 1370, loss: 0.0056, scmap loss: 0.0049, locref loss: 0.0002, limb loss: 0.0005, lr: 0.0001
iteration: 1380, loss: 0.0059, scmap loss: 0.0051, locref loss: 0.0002, limb loss: 0.0005, lr: 0.0001
iteration: 1390, loss: 0.0060, scmap loss: 0.0054, locref loss: 0.0002, limb loss: 0.0004, lr: 0.0001
iteration: 1400, loss: 0.0056, scmap loss: 0.0049, locref loss: 0.0002, limb loss: 0.0004, lr: 0.0001
iteration: 1410, loss: 0.0048, scmap loss: 0.0043, locref loss: 0.0002, limb loss: 0.0004, lr: 0.0001
iteration: 1420, loss: 0.0055, scmap loss: 0.0049, locref loss: 0.0002, limb loss: 0.0004, lr: 0.0001
iteration: 1430, loss: 0.0051, scmap loss: 0.0045, locref loss: 0.0002, limb loss: 0.0004, lr: 0.0001
iteration: 1440, loss: 0.0059, scmap loss: 0.0052, locref loss: 0.0002, limb loss: 0.0005, lr: 0.0001
iteration: 1450, loss: 0.0050, scmap loss: 0.0044, locref loss: 0.0002, limb loss: 0.0004, lr: 0.0001
iteration: 1460, loss: 0.0049, scmap loss: 0.0043, locref loss: 0.0002, limb loss: 0.0004, lr: 0.0001
iteration: 1470, loss: 0.0064, scmap loss: 0.0057, locref loss: 0.0002, limb loss: 0.0005, lr: 0.0001
iteration: 1480, loss: 0.0052, scmap loss: 0.0046, locref loss: 0.0002, limb loss: 0.0004, lr: 0.0001
iteration: 1490, loss: 0.0054, scmap loss: 0.0048, locref loss: 0.0002, limb loss: 0.0003, lr: 0.0001
iteration: 1500, loss: 0.0059, scmap loss: 0.0053, locref loss: 0.0002, limb loss: 0.0005, lr: 0.0001
iteration: 1510, loss: 0.0059, scmap loss: 0.0052, locref loss: 0.0002, limb loss: 0.0005, lr: 0.0001
iteration: 1520, loss: 0.0044, scmap loss: 0.0039, locref loss: 0.0002, limb loss: 0.0004, lr: 0.0001
iteration: 1530, loss: 0.0055, scmap loss: 0.0050, locref loss: 0.0002, limb loss: 0.0004, lr: 0.0001
iteration: 1540, loss: 0.0050, scmap loss: 0.0044, locref loss: 0.0002, limb loss: 0.0004, lr: 0.0001
iteration: 1550, loss: 0.0055, scmap loss: 0.0049, locref loss: 0.0002, limb loss: 0.0004, lr: 0.0001
iteration: 1560, loss: 0.0060, scmap loss: 0.0054, locref loss: 0.0002, limb loss: 0.0004, lr: 0.0001
iteration: 1570, loss: 0.0059, scmap loss: 0.0053, locref loss: 0.0002, limb loss: 0.0004, lr: 0.0001
iteration: 1580, loss: 0.0055, scmap loss: 0.0049, locref loss: 0.0002, limb loss: 0.0004, lr: 0.0001
iteration: 1590, loss: 0.0061, scmap loss: 0.0055, locref loss: 0.0002, limb loss: 0.0004, lr: 0.0001
iteration: 1600, loss: 0.0054, scmap loss: 0.0048, locref loss: 0.0002, limb loss: 0.0005, lr: 0.0001
iteration: 1610, loss: 0.0067, scmap loss: 0.0061, locref loss: 0.0002, limb loss: 0.0004, lr: 0.0001
iteration: 1620, loss: 0.0055, scmap loss: 0.0050, locref loss: 0.0001, limb loss: 0.0004, lr: 0.0001
iteration: 1630, loss: 0.0055, scmap loss: 0.0050, locref loss: 0.0002, limb loss: 0.0003, lr: 0.0001
iteration: 1640, loss: 0.0061, scmap loss: 0.0054, locref loss: 0.0002, limb loss: 0.0004, lr: 0.0001
iteration: 1650, loss: 0.0047, scmap loss: 0.0042, locref loss: 0.0002, limb loss: 0.0003, lr: 0.0001
iteration: 1660, loss: 0.0048, scmap loss: 0.0044, locref loss: 0.0001, limb loss: 0.0003, lr: 0.0001
iteration: 1670, loss: 0.0049, scmap loss: 0.0045, locref loss: 0.0002, limb loss: 0.0003, lr: 0.0001
iteration: 1680, loss: 0.0051, scmap loss: 0.0046, locref loss: 0.0002, limb loss: 0.0003, lr: 0.0001
iteration: 1690, loss: 0.0050, scmap loss: 0.0045, locref loss: 0.0002, limb loss: 0.0004, lr: 0.0001
iteration: 1700, loss: 0.0054, scmap loss: 0.0049, locref loss: 0.0002, limb loss: 0.0003, lr: 0.0001
iteration: 1710, loss: 0.0056, scmap loss: 0.0050, locref loss: 0.0002, limb loss: 0.0004, lr: 0.0001
iteration: 1720, loss: 0.0050, scmap loss: 0.0044, locref loss: 0.0002, limb loss: 0.0004, lr: 0.0001
iteration: 1730, loss: 0.0050, scmap loss: 0.0044, locref loss: 0.0002, limb loss: 0.0004, lr: 0.0001
iteration: 1740, loss: 0.0053, scmap loss: 0.0048, locref loss: 0.0002, limb loss: 0.0003, lr: 0.0001
iteration: 1750, loss: 0.0053, scmap loss: 0.0046, locref loss: 0.0002, limb loss: 0.0005, lr: 0.0001
iteration: 1760, loss: 0.0062, scmap loss: 0.0057, locref loss: 0.0002, limb loss: 0.0003, lr: 0.0001
iteration: 1770, loss: 0.0054, scmap loss: 0.0049, locref loss: 0.0002, limb loss: 0.0004, lr: 0.0001
iteration: 1780, loss: 0.0059, scmap loss: 0.0054, locref loss: 0.0002, limb loss: 0.0003, lr: 0.0001
iteration: 1790, loss: 0.0054, scmap loss: 0.0049, locref loss: 0.0001, limb loss: 0.0003, lr: 0.0001
iteration: 1800, loss: 0.0054, scmap loss: 0.0048, locref loss: 0.0002, limb loss: 0.0004, lr: 0.0001
iteration: 1810, loss: 0.0049, scmap loss: 0.0045, locref loss: 0.0001, limb loss: 0.0003, lr: 0.0001
iteration: 1820, loss: 0.0056, scmap loss: 0.0052, locref loss: 0.0002, limb loss: 0.0003, lr: 0.0001
iteration: 1830, loss: 0.0050, scmap loss: 0.0046, locref loss: 0.0002, limb loss: 0.0003, lr: 0.0001
iteration: 1840, loss: 0.0057, scmap loss: 0.0051, locref loss: 0.0002, limb loss: 0.0004, lr: 0.0001
iteration: 1850, loss: 0.0057, scmap loss: 0.0050, locref loss: 0.0002, limb loss: 0.0005, lr: 0.0001
iteration: 1860, loss: 0.0056, scmap loss: 0.0051, locref loss: 0.0002, limb loss: 0.0003, lr: 0.0001
iteration: 1870, loss: 0.0052, scmap loss: 0.0046, locref loss: 0.0002, limb loss: 0.0003, lr: 0.0001
iteration: 1880, loss: 0.0044, scmap loss: 0.0040, locref loss: 0.0001, limb loss: 0.0003, lr: 0.0001
iteration: 1890, loss: 0.0056, scmap loss: 0.0051, locref loss: 0.0002, limb loss: 0.0003, lr: 0.0001
iteration: 1900, loss: 0.0048, scmap loss: 0.0043, locref loss: 0.0001, limb loss: 0.0004, lr: 0.0001
iteration: 1910, loss: 0.0048, scmap loss: 0.0043, locref loss: 0.0002, limb loss: 0.0003, lr: 0.0001
iteration: 1920, loss: 0.0046, scmap loss: 0.0042, locref loss: 0.0001, limb loss: 0.0003, lr: 0.0001
iteration: 1930, loss: 0.0050, scmap loss: 0.0045, locref loss: 0.0002, limb loss: 0.0003, lr: 0.0001
iteration: 1940, loss: 0.0054, scmap loss: 0.0048, locref loss: 0.0002, limb loss: 0.0004, lr: 0.0001
iteration: 1950, loss: 0.0054, scmap loss: 0.0048, locref loss: 0.0002, limb loss: 0.0005, lr: 0.0001
iteration: 1960, loss: 0.0057, scmap loss: 0.0052, locref loss: 0.0002, limb loss: 0.0004, lr: 0.0001
iteration: 1970, loss: 0.0051, scmap loss: 0.0046, locref loss: 0.0001, limb loss: 0.0004, lr: 0.0001
iteration: 1980, loss: 0.0051, scmap loss: 0.0047, locref loss: 0.0001, limb loss: 0.0003, lr: 0.0001
iteration: 1990, loss: 0.0048, scmap loss: 0.0043, locref loss: 0.0001, limb loss: 0.0003, lr: 0.0001
iteration: 2000, loss: 0.0051, scmap loss: 0.0046, locref loss: 0.0001, limb loss: 0.0004, lr: 0.0001
iteration: 2010, loss: 0.0055, scmap loss: 0.0049, locref loss: 0.0002, limb loss: 0.0004, lr: 0.0001
iteration: 2020, loss: 0.0052, scmap loss: 0.0047, locref loss: 0.0002, limb loss: 0.0004, lr: 0.0001
iteration: 2030, loss: 0.0055, scmap loss: 0.0047, locref loss: 0.0002, limb loss: 0.0006, lr: 0.0001
iteration: 2040, loss: 0.0043, scmap loss: 0.0038, locref loss: 0.0001, limb loss: 0.0003, lr: 0.0001
iteration: 2050, loss: 0.0053, scmap loss: 0.0048, locref loss: 0.0002, limb loss: 0.0003, lr: 0.0001
iteration: 2060, loss: 0.0045, scmap loss: 0.0041, locref loss: 0.0002, limb loss: 0.0003, lr: 0.0001
iteration: 2070, loss: 0.0047, scmap loss: 0.0043, locref loss: 0.0001, limb loss: 0.0003, lr: 0.0001
iteration: 2080, loss: 0.0044, scmap loss: 0.0040, locref loss: 0.0001, limb loss: 0.0003, lr: 0.0001
iteration: 2090, loss: 0.0045, scmap loss: 0.0041, locref loss: 0.0002, limb loss: 0.0003, lr: 0.0001
iteration: 2100, loss: 0.0050, scmap loss: 0.0045, locref loss: 0.0002, limb loss: 0.0004, lr: 0.0001
iteration: 2110, loss: 0.0044, scmap loss: 0.0039, locref loss: 0.0001, limb loss: 0.0003, lr: 0.0001
iteration: 2120, loss: 0.0054, scmap loss: 0.0049, locref loss: 0.0002, limb loss: 0.0003, lr: 0.0001
iteration: 2130, loss: 0.0057, scmap loss: 0.0052, locref loss: 0.0002, limb loss: 0.0003, lr: 0.0001
iteration: 2140, loss: 0.0050, scmap loss: 0.0046, locref loss: 0.0001, limb loss: 0.0003, lr: 0.0001
iteration: 2150, loss: 0.0046, scmap loss: 0.0041, locref loss: 0.0001, limb loss: 0.0004, lr: 0.0001
iteration: 2160, loss: 0.0056, scmap loss: 0.0051, locref loss: 0.0002, limb loss: 0.0004, lr: 0.0001
iteration: 2170, loss: 0.0049, scmap loss: 0.0044, locref loss: 0.0002, limb loss: 0.0004, lr: 0.0001
iteration: 2180, loss: 0.0049, scmap loss: 0.0045, locref loss: 0.0001, limb loss: 0.0003, lr: 0.0001
iteration: 2190, loss: 0.0042, scmap loss: 0.0037, locref loss: 0.0001, limb loss: 0.0003, lr: 0.0001
iteration: 2200, loss: 0.0044, scmap loss: 0.0041, locref loss: 0.0001, limb loss: 0.0003, lr: 0.0001
iteration: 2210, loss: 0.0045, scmap loss: 0.0040, locref loss: 0.0001, limb loss: 0.0003, lr: 0.0001
iteration: 2220, loss: 0.0047, scmap loss: 0.0042, locref loss: 0.0001, limb loss: 0.0003, lr: 0.0001
iteration: 2230, loss: 0.0055, scmap loss: 0.0051, locref loss: 0.0001, limb loss: 0.0003, lr: 0.0001
iteration: 2240, loss: 0.0045, scmap loss: 0.0041, locref loss: 0.0001, limb loss: 0.0003, lr: 0.0001
iteration: 2250, loss: 0.0050, scmap loss: 0.0046, locref loss: 0.0001, limb loss: 0.0003, lr: 0.0001
iteration: 2260, loss: 0.0047, scmap loss: 0.0043, locref loss: 0.0001, limb loss: 0.0003, lr: 0.0001
iteration: 2270, loss: 0.0049, scmap loss: 0.0045, locref loss: 0.0002, limb loss: 0.0003, lr: 0.0001
iteration: 2280, loss: 0.0056, scmap loss: 0.0052, locref loss: 0.0001, limb loss: 0.0003, lr: 0.0001
iteration: 2290, loss: 0.0055, scmap loss: 0.0050, locref loss: 0.0002, limb loss: 0.0003, lr: 0.0001
iteration: 2300, loss: 0.0050, scmap loss: 0.0046, locref loss: 0.0002, limb loss: 0.0003, lr: 0.0001
iteration: 2310, loss: 0.0047, scmap loss: 0.0043, locref loss: 0.0001, limb loss: 0.0003, lr: 0.0001
iteration: 2320, loss: 0.0050, scmap loss: 0.0045, locref loss: 0.0001, limb loss: 0.0003, lr: 0.0001
iteration: 2330, loss: 0.0043, scmap loss: 0.0039, locref loss: 0.0001, limb loss: 0.0003, lr: 0.0001
iteration: 2340, loss: 0.0048, scmap loss: 0.0044, locref loss: 0.0001, limb loss: 0.0003, lr: 0.0001
iteration: 2350, loss: 0.0050, scmap loss: 0.0046, locref loss: 0.0001, limb loss: 0.0003, lr: 0.0001
iteration: 2360, loss: 0.0048, scmap loss: 0.0044, locref loss: 0.0002, limb loss: 0.0002, lr: 0.0001
iteration: 2370, loss: 0.0052, scmap loss: 0.0048, locref loss: 0.0001, limb loss: 0.0003, lr: 0.0001
iteration: 2380, loss: 0.0067, scmap loss: 0.0062, locref loss: 0.0002, limb loss: 0.0003, lr: 0.0001
iteration: 2390, loss: 0.0059, scmap loss: 0.0054, locref loss: 0.0002, limb loss: 0.0003, lr: 0.0001
iteration: 2400, loss: 0.0053, scmap loss: 0.0048, locref loss: 0.0002, limb loss: 0.0003, lr: 0.0001
iteration: 2410, loss: 0.0065, scmap loss: 0.0059, locref loss: 0.0002, limb loss: 0.0004, lr: 0.0001
iteration: 2420, loss: 0.0054, scmap loss: 0.0049, locref loss: 0.0002, limb loss: 0.0003, lr: 0.0001
iteration: 2430, loss: 0.0052, scmap loss: 0.0047, locref loss: 0.0001, limb loss: 0.0003, lr: 0.0001
iteration: 2440, loss: 0.0058, scmap loss: 0.0053, locref loss: 0.0002, limb loss: 0.0003, lr: 0.0001
iteration: 2450, loss: 0.0049, scmap loss: 0.0045, locref loss: 0.0001, limb loss: 0.0002, lr: 0.0001
iteration: 2460, loss: 0.0051, scmap loss: 0.0046, locref loss: 0.0001, limb loss: 0.0003, lr: 0.0001
iteration: 2470, loss: 0.0047, scmap loss: 0.0043, locref loss: 0.0001, limb loss: 0.0002, lr: 0.0001
iteration: 2480, loss: 0.0044, scmap loss: 0.0040, locref loss: 0.0002, limb loss: 0.0003, lr: 0.0001
iteration: 2490, loss: 0.0044, scmap loss: 0.0040, locref loss: 0.0001, limb loss: 0.0003, lr: 0.0001
iteration: 2500, loss: 0.0046, scmap loss: 0.0040, locref loss: 0.0001, limb loss: 0.0004, lr: 0.0001
iteration: 2510, loss: 0.0049, scmap loss: 0.0038, locref loss: 0.0002, limb loss: 0.0009, lr: 0.0001
iteration: 2520, loss: 0.0042, scmap loss: 0.0035, locref loss: 0.0002, limb loss: 0.0005, lr: 0.0001
iteration: 2530, loss: 0.0049, scmap loss: 0.0043, locref loss: 0.0001, limb loss: 0.0004, lr: 0.0001
iteration: 2540, loss: 0.0041, scmap loss: 0.0037, locref loss: 0.0001, limb loss: 0.0003, lr: 0.0001
iteration: 2550, loss: 0.0048, scmap loss: 0.0044, locref loss: 0.0001, limb loss: 0.0002, lr: 0.0001
iteration: 2560, loss: 0.0041, scmap loss: 0.0037, locref loss: 0.0001, limb loss: 0.0002, lr: 0.0001
iteration: 2570, loss: 0.0052, scmap loss: 0.0048, locref loss: 0.0001, limb loss: 0.0003, lr: 0.0001
iteration: 2580, loss: 0.0049, scmap loss: 0.0045, locref loss: 0.0001, limb loss: 0.0002, lr: 0.0001
iteration: 2590, loss: 0.0047, scmap loss: 0.0043, locref loss: 0.0001, limb loss: 0.0002, lr: 0.0001
iteration: 2600, loss: 0.0043, scmap loss: 0.0039, locref loss: 0.0001, limb loss: 0.0002, lr: 0.0001
iteration: 2610, loss: 0.0042, scmap loss: 0.0038, locref loss: 0.0001, limb loss: 0.0003, lr: 0.0001
iteration: 2620, loss: 0.0044, scmap loss: 0.0040, locref loss: 0.0001, limb loss: 0.0003, lr: 0.0001
iteration: 2630, loss: 0.0044, scmap loss: 0.0041, locref loss: 0.0001, limb loss: 0.0002, lr: 0.0001
iteration: 2640, loss: 0.0045, scmap loss: 0.0041, locref loss: 0.0001, limb loss: 0.0003, lr: 0.0001
iteration: 2650, loss: 0.0041, scmap loss: 0.0038, locref loss: 0.0001, limb loss: 0.0002, lr: 0.0001
iteration: 2660, loss: 0.0054, scmap loss: 0.0050, locref loss: 0.0001, limb loss: 0.0003, lr: 0.0001
iteration: 2670, loss: 0.0045, scmap loss: 0.0041, locref loss: 0.0001, limb loss: 0.0003, lr: 0.0001
iteration: 2680, loss: 0.0043, scmap loss: 0.0040, locref loss: 0.0001, limb loss: 0.0002, lr: 0.0001
iteration: 2690, loss: 0.0046, scmap loss: 0.0042, locref loss: 0.0001, limb loss: 0.0003, lr: 0.0001
iteration: 2700, loss: 0.0046, scmap loss: 0.0042, locref loss: 0.0001, limb loss: 0.0002, lr: 0.0001
iteration: 2710, loss: 0.0042, scmap loss: 0.0039, locref loss: 0.0001, limb loss: 0.0002, lr: 0.0001
iteration: 2720, loss: 0.0044, scmap loss: 0.0039, locref loss: 0.0001, limb loss: 0.0003, lr: 0.0001
iteration: 2730, loss: 0.0043, scmap loss: 0.0039, locref loss: 0.0001, limb loss: 0.0003, lr: 0.0001
iteration: 2740, loss: 0.0043, scmap loss: 0.0039, locref loss: 0.0001, limb loss: 0.0003, lr: 0.0001
iteration: 2750, loss: 0.0045, scmap loss: 0.0041, locref loss: 0.0001, limb loss: 0.0003, lr: 0.0001
iteration: 2760, loss: 0.0045, scmap loss: 0.0041, locref loss: 0.0001, limb loss: 0.0002, lr: 0.0001
iteration: 2770, loss: 0.0041, scmap loss: 0.0038, locref loss: 0.0001, limb loss: 0.0002, lr: 0.0001
iteration: 2780, loss: 0.0040, scmap loss: 0.0037, locref loss: 0.0001, limb loss: 0.0002, lr: 0.0001
iteration: 2790, loss: 0.0042, scmap loss: 0.0039, locref loss: 0.0001, limb loss: 0.0003, lr: 0.0001
iteration: 2800, loss: 0.0047, scmap loss: 0.0043, locref loss: 0.0001, limb loss: 0.0002, lr: 0.0001
iteration: 2810, loss: 0.0057, scmap loss: 0.0052, locref loss: 0.0001, limb loss: 0.0004, lr: 0.0001
iteration: 2820, loss: 0.0047, scmap loss: 0.0043, locref loss: 0.0001, limb loss: 0.0003, lr: 0.0001
iteration: 2830, loss: 0.0057, scmap loss: 0.0052, locref loss: 0.0001, limb loss: 0.0003, lr: 0.0001
iteration: 2840, loss: 0.0049, scmap loss: 0.0045, locref loss: 0.0001, limb loss: 0.0003, lr: 0.0001
iteration: 2850, loss: 0.0046, scmap loss: 0.0042, locref loss: 0.0001, limb loss: 0.0003, lr: 0.0001
iteration: 2860, loss: 0.0046, scmap loss: 0.0042, locref loss: 0.0001, limb loss: 0.0003, lr: 0.0001
iteration: 2870, loss: 0.0041, scmap loss: 0.0038, locref loss: 0.0001, limb loss: 0.0002, lr: 0.0001
iteration: 2880, loss: 0.0043, scmap loss: 0.0039, locref loss: 0.0001, limb loss: 0.0002, lr: 0.0001
iteration: 2890, loss: 0.0045, scmap loss: 0.0042, locref loss: 0.0001, limb loss: 0.0002, lr: 0.0001
iteration: 2900, loss: 0.0036, scmap loss: 0.0033, locref loss: 0.0001, limb loss: 0.0002, lr: 0.0001
iteration: 2910, loss: 0.0041, scmap loss: 0.0038, locref loss: 0.0001, limb loss: 0.0002, lr: 0.0001
iteration: 2920, loss: 0.0044, scmap loss: 0.0040, locref loss: 0.0001, limb loss: 0.0002, lr: 0.0001
iteration: 2930, loss: 0.0045, scmap loss: 0.0041, locref loss: 0.0001, limb loss: 0.0003, lr: 0.0001
iteration: 2940, loss: 0.0047, scmap loss: 0.0043, locref loss: 0.0001, limb loss: 0.0003, lr: 0.0001
iteration: 2950, loss: 0.0041, scmap loss: 0.0038, locref loss: 0.0001, limb loss: 0.0002, lr: 0.0001
iteration: 2960, loss: 0.0045, scmap loss: 0.0041, locref loss: 0.0001, limb loss: 0.0002, lr: 0.0001
iteration: 2970, loss: 0.0044, scmap loss: 0.0041, locref loss: 0.0001, limb loss: 0.0002, lr: 0.0001
iteration: 2980, loss: 0.0054, scmap loss: 0.0050, locref loss: 0.0001, limb loss: 0.0003, lr: 0.0001
iteration: 2990, loss: 0.0048, scmap loss: 0.0044, locref loss: 0.0001, limb loss: 0.0003, lr: 0.0001
iteration: 3000, loss: 0.0041, scmap loss: 0.0037, locref loss: 0.0001, limb loss: 0.0002, lr: 0.0001
iteration: 3010, loss: 0.0047, scmap loss: 0.0043, locref loss: 0.0002, limb loss: 0.0002, lr: 0.0001
iteration: 3020, loss: 0.0050, scmap loss: 0.0047, locref loss: 0.0001, limb loss: 0.0002, lr: 0.0001
iteration: 3030, loss: 0.0049, scmap loss: 0.0046, locref loss: 0.0001, limb loss: 0.0002, lr: 0.0001
iteration: 3040, loss: 0.0048, scmap loss: 0.0045, locref loss: 0.0001, limb loss: 0.0002, lr: 0.0001
iteration: 3050, loss: 0.0055, scmap loss: 0.0051, locref loss: 0.0001, limb loss: 0.0003, lr: 0.0001
iteration: 3060, loss: 0.0049, scmap loss: 0.0045, locref loss: 0.0001, limb loss: 0.0003, lr: 0.0001
iteration: 3070, loss: 0.0055, scmap loss: 0.0051, locref loss: 0.0001, limb loss: 0.0002, lr: 0.0001
iteration: 3080, loss: 0.0050, scmap loss: 0.0045, locref loss: 0.0002, limb loss: 0.0003, lr: 0.0001
iteration: 3090, loss: 0.0048, scmap loss: 0.0043, locref loss: 0.0001, limb loss: 0.0003, lr: 0.0001
iteration: 3100, loss: 0.0046, scmap loss: 0.0041, locref loss: 0.0001, limb loss: 0.0003, lr: 0.0001
iteration: 3110, loss: 0.0051, scmap loss: 0.0047, locref loss: 0.0002, limb loss: 0.0003, lr: 0.0001
iteration: 3120, loss: 0.0047, scmap loss: 0.0043, locref loss: 0.0002, limb loss: 0.0003, lr: 0.0001
iteration: 3130, loss: 0.0042, scmap loss: 0.0038, locref loss: 0.0001, limb loss: 0.0002, lr: 0.0001
iteration: 3140, loss: 0.0046, scmap loss: 0.0042, locref loss: 0.0001, limb loss: 0.0003, lr: 0.0001
iteration: 3150, loss: 0.0056, scmap loss: 0.0053, locref loss: 0.0001, limb loss: 0.0002, lr: 0.0001
iteration: 3160, loss: 0.0043, scmap loss: 0.0039, locref loss: 0.0001, limb loss: 0.0002, lr: 0.0001
iteration: 3170, loss: 0.0051, scmap loss: 0.0046, locref loss: 0.0001, limb loss: 0.0003, lr: 0.0001
iteration: 3180, loss: 0.0051, scmap loss: 0.0046, locref loss: 0.0001, limb loss: 0.0004, lr: 0.0001
iteration: 3190, loss: 0.0048, scmap loss: 0.0044, locref loss: 0.0001, limb loss: 0.0003, lr: 0.0001
iteration: 3200, loss: 0.0053, scmap loss: 0.0049, locref loss: 0.0001, limb loss: 0.0003, lr: 0.0001
iteration: 3210, loss: 0.0043, scmap loss: 0.0038, locref loss: 0.0001, limb loss: 0.0003, lr: 0.0001
iteration: 3220, loss: 0.0041, scmap loss: 0.0037, locref loss: 0.0001, limb loss: 0.0003, lr: 0.0001
iteration: 3230, loss: 0.0048, scmap loss: 0.0044, locref loss: 0.0001, limb loss: 0.0003, lr: 0.0001
iteration: 3240, loss: 0.0041, scmap loss: 0.0038, locref loss: 0.0001, limb loss: 0.0002, lr: 0.0001
iteration: 3250, loss: 0.0040, scmap loss: 0.0037, locref loss: 0.0001, limb loss: 0.0002, lr: 0.0001
iteration: 3260, loss: 0.0041, scmap loss: 0.0038, locref loss: 0.0001, limb loss: 0.0002, lr: 0.0001
iteration: 3270, loss: 0.0039, scmap loss: 0.0036, locref loss: 0.0001, limb loss: 0.0003, lr: 0.0001
iteration: 3280, loss: 0.0042, scmap loss: 0.0038, locref loss: 0.0001, limb loss: 0.0003, lr: 0.0001
iteration: 3290, loss: 0.0051, scmap loss: 0.0048, locref loss: 0.0001, limb loss: 0.0002, lr: 0.0001
iteration: 3300, loss: 0.0043, scmap loss: 0.0040, locref loss: 0.0001, limb loss: 0.0002, lr: 0.0001
iteration: 3310, loss: 0.0045, scmap loss: 0.0042, locref loss: 0.0001, limb loss: 0.0002, lr: 0.0001
iteration: 3320, loss: 0.0044, scmap loss: 0.0040, locref loss: 0.0001, limb loss: 0.0002, lr: 0.0001
iteration: 3330, loss: 0.0047, scmap loss: 0.0044, locref loss: 0.0001, limb loss: 0.0002, lr: 0.0001
iteration: 3340, loss: 0.0043, scmap loss: 0.0040, locref loss: 0.0001, limb loss: 0.0002, lr: 0.0001
iteration: 3350, loss: 0.0040, scmap loss: 0.0036, locref loss: 0.0001, limb loss: 0.0002, lr: 0.0001
iteration: 3360, loss: 0.0043, scmap loss: 0.0040, locref loss: 0.0001, limb loss: 0.0002, lr: 0.0001
iteration: 3370, loss: 0.0044, scmap loss: 0.0041, locref loss: 0.0001, limb loss: 0.0002, lr: 0.0001
iteration: 3380, loss: 0.0041, scmap loss: 0.0038, locref loss: 0.0001, limb loss: 0.0002, lr: 0.0001
iteration: 3390, loss: 0.0045, scmap loss: 0.0041, locref loss: 0.0001, limb loss: 0.0002, lr: 0.0001
iteration: 3400, loss: 0.0041, scmap loss: 0.0038, locref loss: 0.0001, limb loss: 0.0002, lr: 0.0001
iteration: 3410, loss: 0.0046, scmap loss: 0.0043, locref loss: 0.0001, limb loss: 0.0002, lr: 0.0001
iteration: 3420, loss: 0.0046, scmap loss: 0.0042, locref loss: 0.0001, limb loss: 0.0002, lr: 0.0001
iteration: 3430, loss: 0.0040, scmap loss: 0.0036, locref loss: 0.0001, limb loss: 0.0003, lr: 0.0001
iteration: 3440, loss: 0.0047, scmap loss: 0.0044, locref loss: 0.0001, limb loss: 0.0002, lr: 0.0001
iteration: 3450, loss: 0.0040, scmap loss: 0.0037, locref loss: 0.0001, limb loss: 0.0002, lr: 0.0001
iteration: 3460, loss: 0.0045, scmap loss: 0.0042, locref loss: 0.0001, limb loss: 0.0002, lr: 0.0001
iteration: 3470, loss: 0.0037, scmap loss: 0.0034, locref loss: 0.0001, limb loss: 0.0002, lr: 0.0001
iteration: 3480, loss: 0.0038, scmap loss: 0.0034, locref loss: 0.0001, limb loss: 0.0002, lr: 0.0001
iteration: 3490, loss: 0.0034, scmap loss: 0.0031, locref loss: 0.0001, limb loss: 0.0002, lr: 0.0001
iteration: 3500, loss: 0.0038, scmap loss: 0.0035, locref loss: 0.0001, limb loss: 0.0002, lr: 0.0001
iteration: 3510, loss: 0.0047, scmap loss: 0.0043, locref loss: 0.0001, limb loss: 0.0002, lr: 0.0001
iteration: 3520, loss: 0.0044, scmap loss: 0.0041, locref loss: 0.0001, limb loss: 0.0002, lr: 0.0001
iteration: 3530, loss: 0.0038, scmap loss: 0.0035, locref loss: 0.0001, limb loss: 0.0002, lr: 0.0001
iteration: 3540, loss: 0.0039, scmap loss: 0.0035, locref loss: 0.0001, limb loss: 0.0003, lr: 0.0001
iteration: 3550, loss: 0.0046, scmap loss: 0.0038, locref loss: 0.0001, limb loss: 0.0006, lr: 0.0001
iteration: 3560, loss: 0.0046, scmap loss: 0.0041, locref loss: 0.0001, limb loss: 0.0004, lr: 0.0001
iteration: 3570, loss: 0.0043, scmap loss: 0.0038, locref loss: 0.0001, limb loss: 0.0004, lr: 0.0001
iteration: 3580, loss: 0.0045, scmap loss: 0.0041, locref loss: 0.0001, limb loss: 0.0003, lr: 0.0001
iteration: 3590, loss: 0.0038, scmap loss: 0.0035, locref loss: 0.0001, limb loss: 0.0002, lr: 0.0001
iteration: 3600, loss: 0.0042, scmap loss: 0.0038, locref loss: 0.0001, limb loss: 0.0003, lr: 0.0001
iteration: 3610, loss: 0.0047, scmap loss: 0.0042, locref loss: 0.0001, limb loss: 0.0003, lr: 0.0001
iteration: 3620, loss: 0.0043, scmap loss: 0.0039, locref loss: 0.0001, limb loss: 0.0003, lr: 0.0001
iteration: 3630, loss: 0.0044, scmap loss: 0.0041, locref loss: 0.0001, limb loss: 0.0002, lr: 0.0001
iteration: 3640, loss: 0.0045, scmap loss: 0.0042, locref loss: 0.0001, limb loss: 0.0002, lr: 0.0001
iteration: 3650, loss: 0.0044, scmap loss: 0.0041, locref loss: 0.0001, limb loss: 0.0002, lr: 0.0001
iteration: 3660, loss: 0.0044, scmap loss: 0.0040, locref loss: 0.0001, limb loss: 0.0002, lr: 0.0001
iteration: 3670, loss: 0.0047, scmap loss: 0.0044, locref loss: 0.0001, limb loss: 0.0002, lr: 0.0001
iteration: 3680, loss: 0.0040, scmap loss: 0.0037, locref loss: 0.0001, limb loss: 0.0002, lr: 0.0001
iteration: 3690, loss: 0.0043, scmap loss: 0.0040, locref loss: 0.0001, limb loss: 0.0002, lr: 0.0001
iteration: 3700, loss: 0.0036, scmap loss: 0.0033, locref loss: 0.0001, limb loss: 0.0002, lr: 0.0001
iteration: 3710, loss: 0.0041, scmap loss: 0.0038, locref loss: 0.0001, limb loss: 0.0002, lr: 0.0001
iteration: 3720, loss: 0.0043, scmap loss: 0.0040, locref loss: 0.0001, limb loss: 0.0003, lr: 0.0001
iteration: 3730, loss: 0.0044, scmap loss: 0.0041, locref loss: 0.0001, limb loss: 0.0002, lr: 0.0001
iteration: 3740, loss: 0.0048, scmap loss: 0.0045, locref loss: 0.0001, limb loss: 0.0002, lr: 0.0001
iteration: 3750, loss: 0.0043, scmap loss: 0.0040, locref loss: 0.0001, limb loss: 0.0002, lr: 0.0001
iteration: 3760, loss: 0.0043, scmap loss: 0.0040, locref loss: 0.0001, limb loss: 0.0002, lr: 0.0001
iteration: 3770, loss: 0.0044, scmap loss: 0.0041, locref loss: 0.0001, limb loss: 0.0002, lr: 0.0001
iteration: 3780, loss: 0.0045, scmap loss: 0.0042, locref loss: 0.0001, limb loss: 0.0002, lr: 0.0001
iteration: 3790, loss: 0.0048, scmap loss: 0.0045, locref loss: 0.0001, limb loss: 0.0002, lr: 0.0001
iteration: 3800, loss: 0.0056, scmap loss: 0.0053, locref loss: 0.0001, limb loss: 0.0002, lr: 0.0001
iteration: 3810, loss: 0.0052, scmap loss: 0.0048, locref loss: 0.0001, limb loss: 0.0003, lr: 0.0001
iteration: 3820, loss: 0.0046, scmap loss: 0.0043, locref loss: 0.0001, limb loss: 0.0002, lr: 0.0001
iteration: 3830, loss: 0.0046, scmap loss: 0.0042, locref loss: 0.0001, limb loss: 0.0002, lr: 0.0001
iteration: 3840, loss: 0.0041, scmap loss: 0.0038, locref loss: 0.0001, limb loss: 0.0002, lr: 0.0001
iteration: 3850, loss: 0.0047, scmap loss: 0.0044, locref loss: 0.0001, limb loss: 0.0002, lr: 0.0001
iteration: 3860, loss: 0.0045, scmap loss: 0.0042, locref loss: 0.0001, limb loss: 0.0002, lr: 0.0001
iteration: 3870, loss: 0.0042, scmap loss: 0.0038, locref loss: 0.0001, limb loss: 0.0003, lr: 0.0001
iteration: 3880, loss: 0.0041, scmap loss: 0.0038, locref loss: 0.0001, limb loss: 0.0002, lr: 0.0001
iteration: 3890, loss: 0.0039, scmap loss: 0.0036, locref loss: 0.0001, limb loss: 0.0002, lr: 0.0001
iteration: 3900, loss: 0.0046, scmap loss: 0.0043, locref loss: 0.0001, limb loss: 0.0002, lr: 0.0001
iteration: 3910, loss: 0.0045, scmap loss: 0.0041, locref loss: 0.0001, limb loss: 0.0002, lr: 0.0001
iteration: 3920, loss: 0.0040, scmap loss: 0.0037, locref loss: 0.0001, limb loss: 0.0002, lr: 0.0001
iteration: 3930, loss: 0.0045, scmap loss: 0.0042, locref loss: 0.0001, limb loss: 0.0002, lr: 0.0001
iteration: 3940, loss: 0.0045, scmap loss: 0.0042, locref loss: 0.0001, limb loss: 0.0002, lr: 0.0001
iteration: 3950, loss: 0.0051, scmap loss: 0.0048, locref loss: 0.0001, limb loss: 0.0002, lr: 0.0001
iteration: 3960, loss: 0.0050, scmap loss: 0.0047, locref loss: 0.0001, limb loss: 0.0002, lr: 0.0001
iteration: 3970, loss: 0.0042, scmap loss: 0.0038, locref loss: 0.0001, limb loss: 0.0002, lr: 0.0001
iteration: 3980, loss: 0.0049, scmap loss: 0.0045, locref loss: 0.0001, limb loss: 0.0002, lr: 0.0001
iteration: 3990, loss: 0.0041, scmap loss: 0.0038, locref loss: 0.0001, limb loss: 0.0002, lr: 0.0001
iteration: 4000, loss: 0.0038, scmap loss: 0.0035, locref loss: 0.0001, limb loss: 0.0002, lr: 0.0001
iteration: 4010, loss: 0.0044, scmap loss: 0.0041, locref loss: 0.0001, limb loss: 0.0002, lr: 0.0001
iteration: 4020, loss: 0.0050, scmap loss: 0.0047, locref loss: 0.0001, limb loss: 0.0002, lr: 0.0001
iteration: 4030, loss: 0.0042, scmap loss: 0.0039, locref loss: 0.0001, limb loss: 0.0002, lr: 0.0001
iteration: 4040, loss: 0.0039, scmap loss: 0.0037, locref loss: 0.0001, limb loss: 0.0002, lr: 0.0001
iteration: 4050, loss: 0.0038, scmap loss: 0.0035, locref loss: 0.0001, limb loss: 0.0002, lr: 0.0001
iteration: 4060, loss: 0.0046, scmap loss: 0.0043, locref loss: 0.0001, limb loss: 0.0002, lr: 0.0001
iteration: 4070, loss: 0.0041, scmap loss: 0.0038, locref loss: 0.0001, limb loss: 0.0002, lr: 0.0001
iteration: 4080, loss: 0.0045, scmap loss: 0.0041, locref loss: 0.0001, limb loss: 0.0002, lr: 0.0001
iteration: 4090, loss: 0.0048, scmap loss: 0.0045, locref loss: 0.0001, limb loss: 0.0002, lr: 0.0001
iteration: 4100, loss: 0.0039, scmap loss: 0.0036, locref loss: 0.0001, limb loss: 0.0002, lr: 0.0001
iteration: 4110, loss: 0.0036, scmap loss: 0.0032, locref loss: 0.0001, limb loss: 0.0002, lr: 0.0001
iteration: 4120, loss: 0.0048, scmap loss: 0.0045, locref loss: 0.0001, limb loss: 0.0002, lr: 0.0001
iteration: 4130, loss: 0.0038, scmap loss: 0.0035, locref loss: 0.0001, limb loss: 0.0002, lr: 0.0001
iteration: 4140, loss: 0.0045, scmap loss: 0.0042, locref loss: 0.0001, limb loss: 0.0003, lr: 0.0001
iteration: 4150, loss: 0.0041, scmap loss: 0.0037, locref loss: 0.0001, limb loss: 0.0002, lr: 0.0001
iteration: 4160, loss: 0.0040, scmap loss: 0.0036, locref loss: 0.0001, limb loss: 0.0003, lr: 0.0001
iteration: 4170, loss: 0.0044, scmap loss: 0.0040, locref loss: 0.0001, limb loss: 0.0003, lr: 0.0001
iteration: 4180, loss: 0.0045, scmap loss: 0.0041, locref loss: 0.0001, limb loss: 0.0003, lr: 0.0001
iteration: 4190, loss: 0.0038, scmap loss: 0.0034, locref loss: 0.0001, limb loss: 0.0003, lr: 0.0001
iteration: 4200, loss: 0.0044, scmap loss: 0.0040, locref loss: 0.0001, limb loss: 0.0002, lr: 0.0001
iteration: 4210, loss: 0.0047, scmap loss: 0.0043, locref loss: 0.0001, limb loss: 0.0002, lr: 0.0001
iteration: 4220, loss: 0.0042, scmap loss: 0.0039, locref loss: 0.0001, limb loss: 0.0002, lr: 0.0001
iteration: 4230, loss: 0.0044, scmap loss: 0.0041, locref loss: 0.0001, limb loss: 0.0002, lr: 0.0001
iteration: 4240, loss: 0.0042, scmap loss: 0.0038, locref loss: 0.0001, limb loss: 0.0002, lr: 0.0001
iteration: 4250, loss: 0.0040, scmap loss: 0.0038, locref loss: 0.0001, limb loss: 0.0001, lr: 0.0001
iteration: 4260, loss: 0.0048, scmap loss: 0.0045, locref loss: 0.0001, limb loss: 0.0002, lr: 0.0001
iteration: 4270, loss: 0.0039, scmap loss: 0.0036, locref loss: 0.0001, limb loss: 0.0002, lr: 0.0001
iteration: 4280, loss: 0.0042, scmap loss: 0.0039, locref loss: 0.0001, limb loss: 0.0001, lr: 0.0001
iteration: 4290, loss: 0.0040, scmap loss: 0.0037, locref loss: 0.0001, limb loss: 0.0001, lr: 0.0001
iteration: 4300, loss: 0.0040, scmap loss: 0.0037, locref loss: 0.0001, limb loss: 0.0002, lr: 0.0001
iteration: 4310, loss: 0.0037, scmap loss: 0.0035, locref loss: 0.0001, limb loss: 0.0002, lr: 0.0001
iteration: 4320, loss: 0.0037, scmap loss: 0.0034, locref loss: 0.0001, limb loss: 0.0002, lr: 0.0001
iteration: 4330, loss: 0.0037, scmap loss: 0.0035, locref loss: 0.0001, limb loss: 0.0002, lr: 0.0001
iteration: 4340, loss: 0.0045, scmap loss: 0.0042, locref loss: 0.0001, limb loss: 0.0002, lr: 0.0001
iteration: 4350, loss: 0.0046, scmap loss: 0.0043, locref loss: 0.0001, limb loss: 0.0002, lr: 0.0001
iteration: 4360, loss: 0.0048, scmap loss: 0.0044, locref loss: 0.0001, limb loss: 0.0002, lr: 0.0001
iteration: 4370, loss: 0.0045, scmap loss: 0.0042, locref loss: 0.0001, limb loss: 0.0002, lr: 0.0001
iteration: 4380, loss: 0.0039, scmap loss: 0.0036, locref loss: 0.0001, limb loss: 0.0002, lr: 0.0001
iteration: 4390, loss: 0.0045, scmap loss: 0.0042, locref loss: 0.0001, limb loss: 0.0002, lr: 0.0001
iteration: 4400, loss: 0.0042, scmap loss: 0.0040, locref loss: 0.0001, limb loss: 0.0002, lr: 0.0001
iteration: 4410, loss: 0.0047, scmap loss: 0.0043, locref loss: 0.0001, limb loss: 0.0003, lr: 0.0001
iteration: 4420, loss: 0.0040, scmap loss: 0.0037, locref loss: 0.0001, limb loss: 0.0002, lr: 0.0001
iteration: 4430, loss: 0.0043, scmap loss: 0.0040, locref loss: 0.0001, limb loss: 0.0002, lr: 0.0001
iteration: 4440, loss: 0.0047, scmap loss: 0.0043, locref loss: 0.0001, limb loss: 0.0003, lr: 0.0001
iteration: 4450, loss: 0.0038, scmap loss: 0.0035, locref loss: 0.0001, limb loss: 0.0002, lr: 0.0001
iteration: 4460, loss: 0.0045, scmap loss: 0.0043, locref loss: 0.0001, limb loss: 0.0002, lr: 0.0001
iteration: 4470, loss: 0.0045, scmap loss: 0.0041, locref loss: 0.0001, limb loss: 0.0003, lr: 0.0001
iteration: 4480, loss: 0.0036, scmap loss: 0.0033, locref loss: 0.0001, limb loss: 0.0002, lr: 0.0001
iteration: 4490, loss: 0.0039, scmap loss: 0.0036, locref loss: 0.0001, limb loss: 0.0002, lr: 0.0001
iteration: 4500, loss: 0.0035, scmap loss: 0.0033, locref loss: 0.0001, limb loss: 0.0002, lr: 0.0001
iteration: 4510, loss: 0.0037, scmap loss: 0.0035, locref loss: 0.0001, limb loss: 0.0002, lr: 0.0001
iteration: 4520, loss: 0.0043, scmap loss: 0.0040, locref loss: 0.0001, limb loss: 0.0002, lr: 0.0001
iteration: 4530, loss: 0.0038, scmap loss: 0.0035, locref loss: 0.0001, limb loss: 0.0002, lr: 0.0001
iteration: 4540, loss: 0.0042, scmap loss: 0.0040, locref loss: 0.0001, limb loss: 0.0002, lr: 0.0001
iteration: 4550, loss: 0.0041, scmap loss: 0.0038, locref loss: 0.0001, limb loss: 0.0002, lr: 0.0001
iteration: 4560, loss: 0.0041, scmap loss: 0.0039, locref loss: 0.0001, limb loss: 0.0002, lr: 0.0001
iteration: 4570, loss: 0.0042, scmap loss: 0.0039, locref loss: 0.0001, limb loss: 0.0001, lr: 0.0001
iteration: 4580, loss: 0.0041, scmap loss: 0.0038, locref loss: 0.0001, limb loss: 0.0002, lr: 0.0001
iteration: 4590, loss: 0.0044, scmap loss: 0.0041, locref loss: 0.0001, limb loss: 0.0002, lr: 0.0001
iteration: 4600, loss: 0.0041, scmap loss: 0.0038, locref loss: 0.0001, limb loss: 0.0002, lr: 0.0001
iteration: 4610, loss: 0.0041, scmap loss: 0.0038, locref loss: 0.0001, limb loss: 0.0002, lr: 0.0001
iteration: 4620, loss: 0.0038, scmap loss: 0.0035, locref loss: 0.0001, limb loss: 0.0002, lr: 0.0001
iteration: 4630, loss: 0.0042, scmap loss: 0.0039, locref loss: 0.0001, limb loss: 0.0002, lr: 0.0001
iteration: 4640, loss: 0.0050, scmap loss: 0.0047, locref loss: 0.0001, limb loss: 0.0002, lr: 0.0001
iteration: 4650, loss: 0.0053, scmap loss: 0.0049, locref loss: 0.0001, limb loss: 0.0003, lr: 0.0001
iteration: 4660, loss: 0.0036, scmap loss: 0.0033, locref loss: 0.0001, limb loss: 0.0002, lr: 0.0001
iteration: 4670, loss: 0.0039, scmap loss: 0.0035, locref loss: 0.0001, limb loss: 0.0002, lr: 0.0001
iteration: 4680, loss: 0.0043, scmap loss: 0.0040, locref loss: 0.0001, limb loss: 0.0002, lr: 0.0001
iteration: 4690, loss: 0.0040, scmap loss: 0.0038, locref loss: 0.0001, limb loss: 0.0001, lr: 0.0001
iteration: 4700, loss: 0.0042, scmap loss: 0.0040, locref loss: 0.0001, limb loss: 0.0001, lr: 0.0001
iteration: 4710, loss: 0.0039, scmap loss: 0.0037, locref loss: 0.0001, limb loss: 0.0001, lr: 0.0001
iteration: 4720, loss: 0.0044, scmap loss: 0.0041, locref loss: 0.0001, limb loss: 0.0001, lr: 0.0001
iteration: 4730, loss: 0.0033, scmap loss: 0.0030, locref loss: 0.0001, limb loss: 0.0002, lr: 0.0001
iteration: 4740, loss: 0.0043, scmap loss: 0.0040, locref loss: 0.0001, limb loss: 0.0002, lr: 0.0001
iteration: 4750, loss: 0.0036, scmap loss: 0.0033, locref loss: 0.0001, limb loss: 0.0002, lr: 0.0001
iteration: 4760, loss: 0.0039, scmap loss: 0.0037, locref loss: 0.0001, limb loss: 0.0001, lr: 0.0001
iteration: 4770, loss: 0.0042, scmap loss: 0.0039, locref loss: 0.0001, limb loss: 0.0002, lr: 0.0001
iteration: 4780, loss: 0.0039, scmap loss: 0.0037, locref loss: 0.0001, limb loss: 0.0002, lr: 0.0001
iteration: 4790, loss: 0.0042, scmap loss: 0.0039, locref loss: 0.0001, limb loss: 0.0002, lr: 0.0001
iteration: 4800, loss: 0.0051, scmap loss: 0.0048, locref loss: 0.0001, limb loss: 0.0002, lr: 0.0001
iteration: 4810, loss: 0.0041, scmap loss: 0.0038, locref loss: 0.0001, limb loss: 0.0002, lr: 0.0001
iteration: 4820, loss: 0.0039, scmap loss: 0.0035, locref loss: 0.0001, limb loss: 0.0002, lr: 0.0001
iteration: 4830, loss: 0.0049, scmap loss: 0.0045, locref loss: 0.0001, limb loss: 0.0002, lr: 0.0001
iteration: 4840, loss: 0.0041, scmap loss: 0.0039, locref loss: 0.0001, limb loss: 0.0002, lr: 0.0001
iteration: 4850, loss: 0.0040, scmap loss: 0.0038, locref loss: 0.0001, limb loss: 0.0001, lr: 0.0001
iteration: 4860, loss: 0.0047, scmap loss: 0.0044, locref loss: 0.0001, limb loss: 0.0002, lr: 0.0001
iteration: 4870, loss: 0.0044, scmap loss: 0.0041, locref loss: 0.0001, limb loss: 0.0002, lr: 0.0001
iteration: 4880, loss: 0.0039, scmap loss: 0.0036, locref loss: 0.0001, limb loss: 0.0002, lr: 0.0001
iteration: 4890, loss: 0.0042, scmap loss: 0.0039, locref loss: 0.0001, limb loss: 0.0002, lr: 0.0001
iteration: 4900, loss: 0.0039, scmap loss: 0.0037, locref loss: 0.0001, limb loss: 0.0001, lr: 0.0001
iteration: 4910, loss: 0.0034, scmap loss: 0.0031, locref loss: 0.0001, limb loss: 0.0002, lr: 0.0001
iteration: 4920, loss: 0.0040, scmap loss: 0.0038, locref loss: 0.0001, limb loss: 0.0002, lr: 0.0001
iteration: 4930, loss: 0.0045, scmap loss: 0.0042, locref loss: 0.0001, limb loss: 0.0001, lr: 0.0001
iteration: 4940, loss: 0.0038, scmap loss: 0.0035, locref loss: 0.0001, limb loss: 0.0002, lr: 0.0001
iteration: 4950, loss: 0.0044, scmap loss: 0.0041, locref loss: 0.0001, limb loss: 0.0002, lr: 0.0001
iteration: 4960, loss: 0.0043, scmap loss: 0.0040, locref loss: 0.0001, limb loss: 0.0002, lr: 0.0001
iteration: 4970, loss: 0.0046, scmap loss: 0.0043, locref loss: 0.0001, limb loss: 0.0002, lr: 0.0001
iteration: 4980, loss: 0.0044, scmap loss: 0.0041, locref loss: 0.0001, limb loss: 0.0002, lr: 0.0001
iteration: 4990, loss: 0.0041, scmap loss: 0.0038, locref loss: 0.0001, limb loss: 0.0002, lr: 0.0001
iteration: 5000, loss: 0.0047, scmap loss: 0.0044, locref loss: 0.0001, limb loss: 0.0002, lr: 0.0001
iteration: 5010, loss: 0.0039, scmap loss: 0.0036, locref loss: 0.0001, limb loss: 0.0002, lr: 0.0001
iteration: 5020, loss: 0.0051, scmap loss: 0.0048, locref loss: 0.0001, limb loss: 0.0002, lr: 0.0001
iteration: 5030, loss: 0.0035, scmap loss: 0.0033, locref loss: 0.0001, limb loss: 0.0001, lr: 0.0001
iteration: 5040, loss: 0.0037, scmap loss: 0.0034, locref loss: 0.0001, limb loss: 0.0001, lr: 0.0001
iteration: 5050, loss: 0.0042, scmap loss: 0.0040, locref loss: 0.0001, limb loss: 0.0002, lr: 0.0001
iteration: 5060, loss: 0.0045, scmap loss: 0.0042, locref loss: 0.0001, limb loss: 0.0002, lr: 0.0001
iteration: 5070, loss: 0.0042, scmap loss: 0.0039, locref loss: 0.0001, limb loss: 0.0002, lr: 0.0001
iteration: 5080, loss: 0.0037, scmap loss: 0.0035, locref loss: 0.0001, limb loss: 0.0001, lr: 0.0001
iteration: 5090, loss: 0.0047, scmap loss: 0.0045, locref loss: 0.0001, limb loss: 0.0002, lr: 0.0001
iteration: 5100, loss: 0.0044, scmap loss: 0.0041, locref loss: 0.0001, limb loss: 0.0002, lr: 0.0001
iteration: 5110, loss: 0.0042, scmap loss: 0.0038, locref loss: 0.0001, limb loss: 0.0003, lr: 0.0001
iteration: 5120, loss: 0.0041, scmap loss: 0.0036, locref loss: 0.0001, limb loss: 0.0003, lr: 0.0001
iteration: 5130, loss: 0.0045, scmap loss: 0.0040, locref loss: 0.0001, limb loss: 0.0003, lr: 0.0001
iteration: 5140, loss: 0.0036, scmap loss: 0.0033, locref loss: 0.0001, limb loss: 0.0002, lr: 0.0001
iteration: 5150, loss: 0.0037, scmap loss: 0.0034, locref loss: 0.0001, limb loss: 0.0002, lr: 0.0001
iteration: 5160, loss: 0.0038, scmap loss: 0.0034, locref loss: 0.0001, limb loss: 0.0003, lr: 0.0001
iteration: 5170, loss: 0.0041, scmap loss: 0.0038, locref loss: 0.0001, limb loss: 0.0002, lr: 0.0001
iteration: 5180, loss: 0.0045, scmap loss: 0.0041, locref loss: 0.0001, limb loss: 0.0002, lr: 0.0001
iteration: 5190, loss: 0.0042, scmap loss: 0.0040, locref loss: 0.0001, limb loss: 0.0002, lr: 0.0001
iteration: 5200, loss: 0.0039, scmap loss: 0.0036, locref loss: 0.0001, limb loss: 0.0002, lr: 0.0001
iteration: 5210, loss: 0.0040, scmap loss: 0.0038, locref loss: 0.0001, limb loss: 0.0001, lr: 0.0001
iteration: 5220, loss: 0.0042, scmap loss: 0.0040, locref loss: 0.0001, limb loss: 0.0002, lr: 0.0001
iteration: 5230, loss: 0.0044, scmap loss: 0.0041, locref loss: 0.0001, limb loss: 0.0002, lr: 0.0001
iteration: 5240, loss: 0.0041, scmap loss: 0.0039, locref loss: 0.0001, limb loss: 0.0001, lr: 0.0001
iteration: 5250, loss: 0.0044, scmap loss: 0.0042, locref loss: 0.0001, limb loss: 0.0002, lr: 0.0001
iteration: 5260, loss: 0.0031, scmap loss: 0.0029, locref loss: 0.0001, limb loss: 0.0001, lr: 0.0001
iteration: 5270, loss: 0.0040, scmap loss: 0.0038, locref loss: 0.0001, limb loss: 0.0001, lr: 0.0001
iteration: 5280, loss: 0.0039, scmap loss: 0.0036, locref loss: 0.0001, limb loss: 0.0002, lr: 0.0001
iteration: 5290, loss: 0.0041, scmap loss: 0.0038, locref loss: 0.0001, limb loss: 0.0001, lr: 0.0001
iteration: 5300, loss: 0.0043, scmap loss: 0.0040, locref loss: 0.0001, limb loss: 0.0002, lr: 0.0001
iteration: 5310, loss: 0.0045, scmap loss: 0.0043, locref loss: 0.0001, limb loss: 0.0001, lr: 0.0001
iteration: 5320, loss: 0.0038, scmap loss: 0.0036, locref loss: 0.0001, limb loss: 0.0002, lr: 0.0001
iteration: 5330, loss: 0.0047, scmap loss: 0.0045, locref loss: 0.0001, limb loss: 0.0001, lr: 0.0001
iteration: 5340, loss: 0.0043, scmap loss: 0.0041, locref loss: 0.0001, limb loss: 0.0001, lr: 0.0001
iteration: 5350, loss: 0.0044, scmap loss: 0.0041, locref loss: 0.0001, limb loss: 0.0002, lr: 0.0001
iteration: 5360, loss: 0.0036, scmap loss: 0.0034, locref loss: 0.0001, limb loss: 0.0001, lr: 0.0001
iteration: 5370, loss: 0.0039, scmap loss: 0.0036, locref loss: 0.0001, limb loss: 0.0002, lr: 0.0001
iteration: 5380, loss: 0.0043, scmap loss: 0.0041, locref loss: 0.0001, limb loss: 0.0002, lr: 0.0001
iteration: 5390, loss: 0.0033, scmap loss: 0.0031, locref loss: 0.0001, limb loss: 0.0001, lr: 0.0001
iteration: 5400, loss: 0.0040, scmap loss: 0.0037, locref loss: 0.0001, limb loss: 0.0002, lr: 0.0001
iteration: 5410, loss: 0.0034, scmap loss: 0.0032, locref loss: 0.0001, limb loss: 0.0002, lr: 0.0001
iteration: 5420, loss: 0.0043, scmap loss: 0.0041, locref loss: 0.0001, limb loss: 0.0002, lr: 0.0001
iteration: 5430, loss: 0.0038, scmap loss: 0.0036, locref loss: 0.0001, limb loss: 0.0002, lr: 0.0001
iteration: 5440, loss: 0.0046, scmap loss: 0.0043, locref loss: 0.0001, limb loss: 0.0002, lr: 0.0001
iteration: 5450, loss: 0.0046, scmap loss: 0.0043, locref loss: 0.0001, limb loss: 0.0002, lr: 0.0001
iteration: 5460, loss: 0.0039, scmap loss: 0.0037, locref loss: 0.0001, limb loss: 0.0002, lr: 0.0001
iteration: 5470, loss: 0.0051, scmap loss: 0.0048, locref loss: 0.0001, limb loss: 0.0003, lr: 0.0001
iteration: 5480, loss: 0.0043, scmap loss: 0.0040, locref loss: 0.0001, limb loss: 0.0002, lr: 0.0001
iteration: 5490, loss: 0.0043, scmap loss: 0.0039, locref loss: 0.0001, limb loss: 0.0002, lr: 0.0001
iteration: 5500, loss: 0.0046, scmap loss: 0.0043, locref loss: 0.0001, limb loss: 0.0002, lr: 0.0001
iteration: 5510, loss: 0.0041, scmap loss: 0.0038, locref loss: 0.0001, limb loss: 0.0002, lr: 0.0001
iteration: 5520, loss: 0.0041, scmap loss: 0.0038, locref loss: 0.0001, limb loss: 0.0002, lr: 0.0001
iteration: 5530, loss: 0.0040, scmap loss: 0.0037, locref loss: 0.0001, limb loss: 0.0002, lr: 0.0001
iteration: 5540, loss: 0.0032, scmap loss: 0.0030, locref loss: 0.0001, limb loss: 0.0001, lr: 0.0001
iteration: 5550, loss: 0.0038, scmap loss: 0.0035, locref loss: 0.0001, limb loss: 0.0002, lr: 0.0001
iteration: 5560, loss: 0.0048, scmap loss: 0.0045, locref loss: 0.0001, limb loss: 0.0002, lr: 0.0001
iteration: 5570, loss: 0.0042, scmap loss: 0.0040, locref loss: 0.0001, limb loss: 0.0001, lr: 0.0001
iteration: 5580, loss: 0.0039, scmap loss: 0.0036, locref loss: 0.0001, limb loss: 0.0002, lr: 0.0001
iteration: 5590, loss: 0.0039, scmap loss: 0.0037, locref loss: 0.0001, limb loss: 0.0002, lr: 0.0001
iteration: 5600, loss: 0.0040, scmap loss: 0.0037, locref loss: 0.0001, limb loss: 0.0002, lr: 0.0001
iteration: 5610, loss: 0.0040, scmap loss: 0.0038, locref loss: 0.0001, limb loss: 0.0001, lr: 0.0001
iteration: 5620, loss: 0.0043, scmap loss: 0.0040, locref loss: 0.0001, limb loss: 0.0002, lr: 0.0001
iteration: 5630, loss: 0.0042, scmap loss: 0.0039, locref loss: 0.0001, limb loss: 0.0002, lr: 0.0001
iteration: 5640, loss: 0.0039, scmap loss: 0.0037, locref loss: 0.0001, limb loss: 0.0002, lr: 0.0001
iteration: 5650, loss: 0.0045, scmap loss: 0.0042, locref loss: 0.0001, limb loss: 0.0002, lr: 0.0001
iteration: 5660, loss: 0.0038, scmap loss: 0.0035, locref loss: 0.0001, limb loss: 0.0002, lr: 0.0001
iteration: 5670, loss: 0.0035, scmap loss: 0.0032, locref loss: 0.0001, limb loss: 0.0002, lr: 0.0001
iteration: 5680, loss: 0.0041, scmap loss: 0.0039, locref loss: 0.0001, limb loss: 0.0002, lr: 0.0001
iteration: 5690, loss: 0.0039, scmap loss: 0.0036, locref loss: 0.0001, limb loss: 0.0001, lr: 0.0001
iteration: 5700, loss: 0.0041, scmap loss: 0.0038, locref loss: 0.0001, limb loss: 0.0002, lr: 0.0001
iteration: 5710, loss: 0.0043, scmap loss: 0.0040, locref loss: 0.0001, limb loss: 0.0001, lr: 0.0001
iteration: 5720, loss: 0.0038, scmap loss: 0.0035, locref loss: 0.0001, limb loss: 0.0002, lr: 0.0001
iteration: 5730, loss: 0.0032, scmap loss: 0.0030, locref loss: 0.0001, limb loss: 0.0001, lr: 0.0001
iteration: 5740, loss: 0.0037, scmap loss: 0.0035, locref loss: 0.0001, limb loss: 0.0002, lr: 0.0001
iteration: 5750, loss: 0.0035, scmap loss: 0.0033, locref loss: 0.0001, limb loss: 0.0001, lr: 0.0001
iteration: 5760, loss: 0.0040, scmap loss: 0.0037, locref loss: 0.0001, limb loss: 0.0001, lr: 0.0001
iteration: 5770, loss: 0.0042, scmap loss: 0.0039, locref loss: 0.0001, limb loss: 0.0002, lr: 0.0001
iteration: 5780, loss: 0.0039, scmap loss: 0.0037, locref loss: 0.0001, limb loss: 0.0002, lr: 0.0001
iteration: 5790, loss: 0.0046, scmap loss: 0.0043, locref loss: 0.0001, limb loss: 0.0002, lr: 0.0001
iteration: 5800, loss: 0.0049, scmap loss: 0.0046, locref loss: 0.0001, limb loss: 0.0003, lr: 0.0001
iteration: 5810, loss: 0.0044, scmap loss: 0.0041, locref loss: 0.0001, limb loss: 0.0002, lr: 0.0001
iteration: 5820, loss: 0.0045, scmap loss: 0.0042, locref loss: 0.0001, limb loss: 0.0002, lr: 0.0001
iteration: 5830, loss: 0.0041, scmap loss: 0.0038, locref loss: 0.0001, limb loss: 0.0002, lr: 0.0001
iteration: 5840, loss: 0.0040, scmap loss: 0.0038, locref loss: 0.0001, limb loss: 0.0002, lr: 0.0001
iteration: 5850, loss: 0.0042, scmap loss: 0.0039, locref loss: 0.0001, limb loss: 0.0002, lr: 0.0001
iteration: 5860, loss: 0.0042, scmap loss: 0.0039, locref loss: 0.0001, limb loss: 0.0002, lr: 0.0001
iteration: 5870, loss: 0.0038, scmap loss: 0.0035, locref loss: 0.0001, limb loss: 0.0002, lr: 0.0001
iteration: 5880, loss: 0.0040, scmap loss: 0.0037, locref loss: 0.0001, limb loss: 0.0001, lr: 0.0001
iteration: 5890, loss: 0.0040, scmap loss: 0.0038, locref loss: 0.0001, limb loss: 0.0001, lr: 0.0001
iteration: 5900, loss: 0.0043, scmap loss: 0.0040, locref loss: 0.0001, limb loss: 0.0002, lr: 0.0001
iteration: 5910, loss: 0.0034, scmap loss: 0.0032, locref loss: 0.0001, limb loss: 0.0002, lr: 0.0001
iteration: 5920, loss: 0.0045, scmap loss: 0.0043, locref loss: 0.0001, limb loss: 0.0002, lr: 0.0001
iteration: 5930, loss: 0.0038, scmap loss: 0.0035, locref loss: 0.0001, limb loss: 0.0001, lr: 0.0001
iteration: 5940, loss: 0.0046, scmap loss: 0.0043, locref loss: 0.0001, limb loss: 0.0001, lr: 0.0001
iteration: 5950, loss: 0.0046, scmap loss: 0.0044, locref loss: 0.0001, limb loss: 0.0001, lr: 0.0001
iteration: 5960, loss: 0.0044, scmap loss: 0.0042, locref loss: 0.0001, limb loss: 0.0002, lr: 0.0001
iteration: 5970, loss: 0.0042, scmap loss: 0.0039, locref loss: 0.0001, limb loss: 0.0001, lr: 0.0001
iteration: 5980, loss: 0.0037, scmap loss: 0.0035, locref loss: 0.0001, limb loss: 0.0001, lr: 0.0001
iteration: 5990, loss: 0.0039, scmap loss: 0.0036, locref loss: 0.0001, limb loss: 0.0002, lr: 0.0001
iteration: 6000, loss: 0.0039, scmap loss: 0.0037, locref loss: 0.0001, limb loss: 0.0001, lr: 0.0001
iteration: 6010, loss: 0.0039, scmap loss: 0.0037, locref loss: 0.0001, limb loss: 0.0001, lr: 0.0001
iteration: 6020, loss: 0.0035, scmap loss: 0.0033, locref loss: 0.0001, limb loss: 0.0001, lr: 0.0001
iteration: 6030, loss: 0.0040, scmap loss: 0.0038, locref loss: 0.0001, limb loss: 0.0001, lr: 0.0001
iteration: 6040, loss: 0.0044, scmap loss: 0.0042, locref loss: 0.0001, limb loss: 0.0002, lr: 0.0001
iteration: 6050, loss: 0.0036, scmap loss: 0.0034, locref loss: 0.0001, limb loss: 0.0001, lr: 0.0001
iteration: 6060, loss: 0.0054, scmap loss: 0.0051, locref loss: 0.0001, limb loss: 0.0002, lr: 0.0001
iteration: 6070, loss: 0.0040, scmap loss: 0.0038, locref loss: 0.0001, limb loss: 0.0002, lr: 0.0001
iteration: 6080, loss: 0.0045, scmap loss: 0.0042, locref loss: 0.0001, limb loss: 0.0002, lr: 0.0001
iteration: 6090, loss: 0.0040, scmap loss: 0.0037, locref loss: 0.0001, limb loss: 0.0002, lr: 0.0001
iteration: 6100, loss: 0.0043, scmap loss: 0.0040, locref loss: 0.0001, limb loss: 0.0002, lr: 0.0001
iteration: 6110, loss: 0.0039, scmap loss: 0.0037, locref loss: 0.0001, limb loss: 0.0001, lr: 0.0001
iteration: 6120, loss: 0.0049, scmap loss: 0.0046, locref loss: 0.0001, limb loss: 0.0002, lr: 0.0001
iteration: 6130, loss: 0.0046, scmap loss: 0.0043, locref loss: 0.0001, limb loss: 0.0001, lr: 0.0001
iteration: 6140, loss: 0.0040, scmap loss: 0.0038, locref loss: 0.0001, limb loss: 0.0002, lr: 0.0001
iteration: 6150, loss: 0.0041, scmap loss: 0.0038, locref loss: 0.0001, limb loss: 0.0002, lr: 0.0001
iteration: 6160, loss: 0.0044, scmap loss: 0.0041, locref loss: 0.0001, limb loss: 0.0002, lr: 0.0001
iteration: 6170, loss: 0.0040, scmap loss: 0.0038, locref loss: 0.0001, limb loss: 0.0001, lr: 0.0001
iteration: 6180, loss: 0.0040, scmap loss: 0.0038, locref loss: 0.0001, limb loss: 0.0002, lr: 0.0001
iteration: 6190, loss: 0.0041, scmap loss: 0.0039, locref loss: 0.0001, limb loss: 0.0001, lr: 0.0001
iteration: 6200, loss: 0.0037, scmap loss: 0.0035, locref loss: 0.0001, limb loss: 0.0001, lr: 0.0001
iteration: 6210, loss: 0.0037, scmap loss: 0.0035, locref loss: 0.0001, limb loss: 0.0001, lr: 0.0001
iteration: 6220, loss: 0.0036, scmap loss: 0.0033, locref loss: 0.0001, limb loss: 0.0001, lr: 0.0001
iteration: 6230, loss: 0.0045, scmap loss: 0.0042, locref loss: 0.0001, limb loss: 0.0002, lr: 0.0001
iteration: 6240, loss: 0.0037, scmap loss: 0.0035, locref loss: 0.0001, limb loss: 0.0001, lr: 0.0001
iteration: 6250, loss: 0.0044, scmap loss: 0.0042, locref loss: 0.0001, limb loss: 0.0002, lr: 0.0001
iteration: 6260, loss: 0.0039, scmap loss: 0.0036, locref loss: 0.0001, limb loss: 0.0002, lr: 0.0001
iteration: 6270, loss: 0.0047, scmap loss: 0.0044, locref loss: 0.0001, limb loss: 0.0001, lr: 0.0001
iteration: 6280, loss: 0.0035, scmap loss: 0.0033, locref loss: 0.0001, limb loss: 0.0001, lr: 0.0001
iteration: 6290, loss: 0.0042, scmap loss: 0.0039, locref loss: 0.0001, limb loss: 0.0001, lr: 0.0001
iteration: 6300, loss: 0.0038, scmap loss: 0.0036, locref loss: 0.0001, limb loss: 0.0001, lr: 0.0001
iteration: 6310, loss: 0.0044, scmap loss: 0.0042, locref loss: 0.0001, limb loss: 0.0002, lr: 0.0001
iteration: 6320, loss: 0.0040, scmap loss: 0.0037, locref loss: 0.0001, limb loss: 0.0002, lr: 0.0001
iteration: 6330, loss: 0.0038, scmap loss: 0.0035, locref loss: 0.0001, limb loss: 0.0002, lr: 0.0001
iteration: 6340, loss: 0.0040, scmap loss: 0.0037, locref loss: 0.0001, limb loss: 0.0002, lr: 0.0001
iteration: 6350, loss: 0.0038, scmap loss: 0.0036, locref loss: 0.0001, limb loss: 0.0001, lr: 0.0001
iteration: 6360, loss: 0.0034, scmap loss: 0.0032, locref loss: 0.0001, limb loss: 0.0001, lr: 0.0001
iteration: 6370, loss: 0.0036, scmap loss: 0.0034, locref loss: 0.0001, limb loss: 0.0001, lr: 0.0001
iteration: 6380, loss: 0.0039, scmap loss: 0.0037, locref loss: 0.0001, limb loss: 0.0002, lr: 0.0001
iteration: 6390, loss: 0.0041, scmap loss: 0.0039, locref loss: 0.0001, limb loss: 0.0001, lr: 0.0001
iteration: 6400, loss: 0.0037, scmap loss: 0.0035, locref loss: 0.0001, limb loss: 0.0001, lr: 0.0001
iteration: 6410, loss: 0.0032, scmap loss: 0.0030, locref loss: 0.0001, limb loss: 0.0001, lr: 0.0001
iteration: 6420, loss: 0.0040, scmap loss: 0.0038, locref loss: 0.0001, limb loss: 0.0002, lr: 0.0001
iteration: 6430, loss: 0.0033, scmap loss: 0.0031, locref loss: 0.0001, limb loss: 0.0001, lr: 0.0001
iteration: 6440, loss: 0.0036, scmap loss: 0.0033, locref loss: 0.0001, limb loss: 0.0001, lr: 0.0001
iteration: 6450, loss: 0.0036, scmap loss: 0.0034, locref loss: 0.0001, limb loss: 0.0001, lr: 0.0001
iteration: 6460, loss: 0.0031, scmap loss: 0.0029, locref loss: 0.0001, limb loss: 0.0001, lr: 0.0001
iteration: 6470, loss: 0.0038, scmap loss: 0.0036, locref loss: 0.0001, limb loss: 0.0001, lr: 0.0001
iteration: 6480, loss: 0.0043, scmap loss: 0.0041, locref loss: 0.0001, limb loss: 0.0001, lr: 0.0001
iteration: 6490, loss: 0.0032, scmap loss: 0.0030, locref loss: 0.0001, limb loss: 0.0002, lr: 0.0001
iteration: 6500, loss: 0.0062, scmap loss: 0.0059, locref loss: 0.0001, limb loss: 0.0002, lr: 0.0001
iteration: 6510, loss: 0.0044, scmap loss: 0.0040, locref loss: 0.0001, limb loss: 0.0003, lr: 0.0001
iteration: 6520, loss: 0.0042, scmap loss: 0.0038, locref loss: 0.0001, limb loss: 0.0003, lr: 0.0001
iteration: 6530, loss: 0.0040, scmap loss: 0.0036, locref loss: 0.0001, limb loss: 0.0003, lr: 0.0001
iteration: 6540, loss: 0.0035, scmap loss: 0.0032, locref loss: 0.0001, limb loss: 0.0002, lr: 0.0001
iteration: 6550, loss: 0.0039, scmap loss: 0.0036, locref loss: 0.0001, limb loss: 0.0002, lr: 0.0001
iteration: 6560, loss: 0.0038, scmap loss: 0.0035, locref loss: 0.0001, limb loss: 0.0002, lr: 0.0001
iteration: 6570, loss: 0.0035, scmap loss: 0.0033, locref loss: 0.0001, limb loss: 0.0001, lr: 0.0001
iteration: 6580, loss: 0.0041, scmap loss: 0.0039, locref loss: 0.0001, limb loss: 0.0001, lr: 0.0001
iteration: 6590, loss: 0.0033, scmap loss: 0.0031, locref loss: 0.0001, limb loss: 0.0001, lr: 0.0001
iteration: 6600, loss: 0.0036, scmap loss: 0.0034, locref loss: 0.0001, limb loss: 0.0002, lr: 0.0001
iteration: 6610, loss: 0.0041, scmap loss: 0.0039, locref loss: 0.0001, limb loss: 0.0001, lr: 0.0001
iteration: 6620, loss: 0.0041, scmap loss: 0.0039, locref loss: 0.0001, limb loss: 0.0001, lr: 0.0001
iteration: 6630, loss: 0.0043, scmap loss: 0.0040, locref loss: 0.0001, limb loss: 0.0002, lr: 0.0001
iteration: 6640, loss: 0.0044, scmap loss: 0.0042, locref loss: 0.0001, limb loss: 0.0001, lr: 0.0001
iteration: 6650, loss: 0.0034, scmap loss: 0.0032, locref loss: 0.0001, limb loss: 0.0001, lr: 0.0001
iteration: 6660, loss: 0.0036, scmap loss: 0.0034, locref loss: 0.0001, limb loss: 0.0001, lr: 0.0001
iteration: 6670, loss: 0.0036, scmap loss: 0.0033, locref loss: 0.0001, limb loss: 0.0002, lr: 0.0001
iteration: 6680, loss: 0.0044, scmap loss: 0.0041, locref loss: 0.0001, limb loss: 0.0002, lr: 0.0001
iteration: 6690, loss: 0.0040, scmap loss: 0.0038, locref loss: 0.0001, limb loss: 0.0001, lr: 0.0001
iteration: 6700, loss: 0.0042, scmap loss: 0.0039, locref loss: 0.0001, limb loss: 0.0002, lr: 0.0001
iteration: 6710, loss: 0.0040, scmap loss: 0.0038, locref loss: 0.0001, limb loss: 0.0001, lr: 0.0001
iteration: 6720, loss: 0.0033, scmap loss: 0.0031, locref loss: 0.0001, limb loss: 0.0001, lr: 0.0001
iteration: 6730, loss: 0.0040, scmap loss: 0.0037, locref loss: 0.0001, limb loss: 0.0002, lr: 0.0001
iteration: 6740, loss: 0.0044, scmap loss: 0.0042, locref loss: 0.0001, limb loss: 0.0001, lr: 0.0001
iteration: 6750, loss: 0.0035, scmap loss: 0.0033, locref loss: 0.0001, limb loss: 0.0001, lr: 0.0001
iteration: 6760, loss: 0.0048, scmap loss: 0.0046, locref loss: 0.0001, limb loss: 0.0002, lr: 0.0001
iteration: 6770, loss: 0.0037, scmap loss: 0.0035, locref loss: 0.0001, limb loss: 0.0001, lr: 0.0001
iteration: 6780, loss: 0.0038, scmap loss: 0.0036, locref loss: 0.0001, limb loss: 0.0001, lr: 0.0001
iteration: 6790, loss: 0.0041, scmap loss: 0.0039, locref loss: 0.0001, limb loss: 0.0001, lr: 0.0001
iteration: 6800, loss: 0.0036, scmap loss: 0.0034, locref loss: 0.0001, limb loss: 0.0001, lr: 0.0001
iteration: 6810, loss: 0.0036, scmap loss: 0.0034, locref loss: 0.0001, limb loss: 0.0002, lr: 0.0001
iteration: 6820, loss: 0.0038, scmap loss: 0.0036, locref loss: 0.0001, limb loss: 0.0002, lr: 0.0001
iteration: 6830, loss: 0.0039, scmap loss: 0.0036, locref loss: 0.0001, limb loss: 0.0002, lr: 0.0001
iteration: 6840, loss: 0.0039, scmap loss: 0.0036, locref loss: 0.0001, limb loss: 0.0001, lr: 0.0001
iteration: 6850, loss: 0.0031, scmap loss: 0.0029, locref loss: 0.0001, limb loss: 0.0001, lr: 0.0001
iteration: 6860, loss: 0.0032, scmap loss: 0.0030, locref loss: 0.0001, limb loss: 0.0002, lr: 0.0001
iteration: 6870, loss: 0.0040, scmap loss: 0.0037, locref loss: 0.0001, limb loss: 0.0002, lr: 0.0001
iteration: 6880, loss: 0.0040, scmap loss: 0.0037, locref loss: 0.0001, limb loss: 0.0002, lr: 0.0001
iteration: 6890, loss: 0.0041, scmap loss: 0.0038, locref loss: 0.0001, limb loss: 0.0002, lr: 0.0001
iteration: 6900, loss: 0.0042, scmap loss: 0.0040, locref loss: 0.0001, limb loss: 0.0001, lr: 0.0001
iteration: 6910, loss: 0.0041, scmap loss: 0.0038, locref loss: 0.0001, limb loss: 0.0002, lr: 0.0001
iteration: 6920, loss: 0.0032, scmap loss: 0.0030, locref loss: 0.0001, limb loss: 0.0001, lr: 0.0001
iteration: 6930, loss: 0.0044, scmap loss: 0.0041, locref loss: 0.0001, limb loss: 0.0002, lr: 0.0001
iteration: 6940, loss: 0.0038, scmap loss: 0.0035, locref loss: 0.0001, limb loss: 0.0002, lr: 0.0001
iteration: 6950, loss: 0.0040, scmap loss: 0.0037, locref loss: 0.0001, limb loss: 0.0001, lr: 0.0001
iteration: 6960, loss: 0.0031, scmap loss: 0.0029, locref loss: 0.0001, limb loss: 0.0001, lr: 0.0001
iteration: 6970, loss: 0.0040, scmap loss: 0.0038, locref loss: 0.0001, limb loss: 0.0001, lr: 0.0001
iteration: 6980, loss: 0.0045, scmap loss: 0.0042, locref loss: 0.0001, limb loss: 0.0001, lr: 0.0001
iteration: 6990, loss: 0.0033, scmap loss: 0.0031, locref loss: 0.0001, limb loss: 0.0001, lr: 0.0001
iteration: 7000, loss: 0.0039, scmap loss: 0.0036, locref loss: 0.0001, limb loss: 0.0001, lr: 0.0001
iteration: 7010, loss: 0.0044, scmap loss: 0.0041, locref loss: 0.0001, limb loss: 0.0001, lr: 0.0001
iteration: 7020, loss: 0.0044, scmap loss: 0.0042, locref loss: 0.0001, limb loss: 0.0002, lr: 0.0001
iteration: 7030, loss: 0.0037, scmap loss: 0.0035, locref loss: 0.0001, limb loss: 0.0002, lr: 0.0001
iteration: 7040, loss: 0.0041, scmap loss: 0.0039, locref loss: 0.0001, limb loss: 0.0001, lr: 0.0001
iteration: 7050, loss: 0.0038, scmap loss: 0.0035, locref loss: 0.0001, limb loss: 0.0002, lr: 0.0001
iteration: 7060, loss: 0.0040, scmap loss: 0.0037, locref loss: 0.0001, limb loss: 0.0002, lr: 0.0001
iteration: 7070, loss: 0.0041, scmap loss: 0.0038, locref loss: 0.0001, limb loss: 0.0001, lr: 0.0001
iteration: 7080, loss: 0.0038, scmap loss: 0.0035, locref loss: 0.0001, limb loss: 0.0002, lr: 0.0001
iteration: 7090, loss: 0.0041, scmap loss: 0.0038, locref loss: 0.0001, limb loss: 0.0001, lr: 0.0001
iteration: 7100, loss: 0.0038, scmap loss: 0.0036, locref loss: 0.0001, limb loss: 0.0001, lr: 0.0001
iteration: 7110, loss: 0.0041, scmap loss: 0.0038, locref loss: 0.0001, limb loss: 0.0002, lr: 0.0001
iteration: 7120, loss: 0.0046, scmap loss: 0.0044, locref loss: 0.0001, limb loss: 0.0002, lr: 0.0001
iteration: 7130, loss: 0.0041, scmap loss: 0.0039, locref loss: 0.0001, limb loss: 0.0001, lr: 0.0001
iteration: 7140, loss: 0.0042, scmap loss: 0.0039, locref loss: 0.0001, limb loss: 0.0001, lr: 0.0001
iteration: 7150, loss: 0.0039, scmap loss: 0.0037, locref loss: 0.0001, limb loss: 0.0001, lr: 0.0001
iteration: 7160, loss: 0.0038, scmap loss: 0.0036, locref loss: 0.0001, limb loss: 0.0001, lr: 0.0001
iteration: 7170, loss: 0.0038, scmap loss: 0.0035, locref loss: 0.0001, limb loss: 0.0002, lr: 0.0001
iteration: 7180, loss: 0.0034, scmap loss: 0.0032, locref loss: 0.0001, limb loss: 0.0001, lr: 0.0001
iteration: 7190, loss: 0.0036, scmap loss: 0.0034, locref loss: 0.0001, limb loss: 0.0001, lr: 0.0001
iteration: 7200, loss: 0.0035, scmap loss: 0.0033, locref loss: 0.0001, limb loss: 0.0001, lr: 0.0001
iteration: 7210, loss: 0.0039, scmap loss: 0.0037, locref loss: 0.0001, limb loss: 0.0001, lr: 0.0001
iteration: 7220, loss: 0.0041, scmap loss: 0.0039, locref loss: 0.0001, limb loss: 0.0001, lr: 0.0001
iteration: 7230, loss: 0.0038, scmap loss: 0.0036, locref loss: 0.0001, limb loss: 0.0001, lr: 0.0001
iteration: 7240, loss: 0.0037, scmap loss: 0.0035, locref loss: 0.0001, limb loss: 0.0001, lr: 0.0001
iteration: 7250, loss: 0.0037, scmap loss: 0.0035, locref loss: 0.0001, limb loss: 0.0001, lr: 0.0001
iteration: 7260, loss: 0.0039, scmap loss: 0.0037, locref loss: 0.0001, limb loss: 0.0001, lr: 0.0001
iteration: 7270, loss: 0.0042, scmap loss: 0.0040, locref loss: 0.0001, limb loss: 0.0001, lr: 0.0001
iteration: 7280, loss: 0.0042, scmap loss: 0.0039, locref loss: 0.0001, limb loss: 0.0001, lr: 0.0001
iteration: 7290, loss: 0.0042, scmap loss: 0.0040, locref loss: 0.0001, limb loss: 0.0001, lr: 0.0001
iteration: 7300, loss: 0.0036, scmap loss: 0.0034, locref loss: 0.0001, limb loss: 0.0001, lr: 0.0001
iteration: 7310, loss: 0.0048, scmap loss: 0.0046, locref loss: 0.0001, limb loss: 0.0001, lr: 0.0001
iteration: 7320, loss: 0.0047, scmap loss: 0.0045, locref loss: 0.0001, limb loss: 0.0002, lr: 0.0001
iteration: 7330, loss: 0.0042, scmap loss: 0.0040, locref loss: 0.0001, limb loss: 0.0001, lr: 0.0001
iteration: 7340, loss: 0.0038, scmap loss: 0.0036, locref loss: 0.0001, limb loss: 0.0001, lr: 0.0001
iteration: 7350, loss: 0.0037, scmap loss: 0.0035, locref loss: 0.0001, limb loss: 0.0001, lr: 0.0001
iteration: 7360, loss: 0.0035, scmap loss: 0.0033, locref loss: 0.0001, limb loss: 0.0001, lr: 0.0001
iteration: 7370, loss: 0.0041, scmap loss: 0.0039, locref loss: 0.0001, limb loss: 0.0001, lr: 0.0001
iteration: 7380, loss: 0.0038, scmap loss: 0.0036, locref loss: 0.0001, limb loss: 0.0001, lr: 0.0001
iteration: 7390, loss: 0.0031, scmap loss: 0.0029, locref loss: 0.0001, limb loss: 0.0001, lr: 0.0001
iteration: 7400, loss: 0.0040, scmap loss: 0.0038, locref loss: 0.0001, limb loss: 0.0001, lr: 0.0001
iteration: 7410, loss: 0.0035, scmap loss: 0.0033, locref loss: 0.0001, limb loss: 0.0001, lr: 0.0001
iteration: 7420, loss: 0.0047, scmap loss: 0.0045, locref loss: 0.0001, limb loss: 0.0001, lr: 0.0001
iteration: 7430, loss: 0.0039, scmap loss: 0.0037, locref loss: 0.0001, limb loss: 0.0001, lr: 0.0001
iteration: 7440, loss: 0.0036, scmap loss: 0.0034, locref loss: 0.0001, limb loss: 0.0001, lr: 0.0001
iteration: 7450, loss: 0.0034, scmap loss: 0.0032, locref loss: 0.0001, limb loss: 0.0001, lr: 0.0001
iteration: 7460, loss: 0.0033, scmap loss: 0.0030, locref loss: 0.0001, limb loss: 0.0002, lr: 0.0001
iteration: 7470, loss: 0.0038, scmap loss: 0.0035, locref loss: 0.0001, limb loss: 0.0002, lr: 0.0001
iteration: 7480, loss: 0.0041, scmap loss: 0.0038, locref loss: 0.0001, limb loss: 0.0001, lr: 0.0001
iteration: 7490, loss: 0.0041, scmap loss: 0.0038, locref loss: 0.0001, limb loss: 0.0002, lr: 0.0001
iteration: 7500, loss: 0.0041, scmap loss: 0.0038, locref loss: 0.0001, limb loss: 0.0002, lr: 0.0001
iteration: 7510, loss: 0.0036, scmap loss: 0.0032, locref loss: 0.0001, limb loss: 0.0003, lr: 5e-05
iteration: 7520, loss: 0.0034, scmap loss: 0.0031, locref loss: 0.0001, limb loss: 0.0002, lr: 5e-05
iteration: 7530, loss: 0.0044, scmap loss: 0.0041, locref loss: 0.0001, limb loss: 0.0001, lr: 5e-05
iteration: 7540, loss: 0.0036, scmap loss: 0.0034, locref loss: 0.0001, limb loss: 0.0001, lr: 5e-05
iteration: 7550, loss: 0.0036, scmap loss: 0.0034, locref loss: 0.0001, limb loss: 0.0001, lr: 5e-05
iteration: 7560, loss: 0.0036, scmap loss: 0.0034, locref loss: 0.0001, limb loss: 0.0001, lr: 5e-05
iteration: 7570, loss: 0.0034, scmap loss: 0.0032, locref loss: 0.0001, limb loss: 0.0001, lr: 5e-05
iteration: 7580, loss: 0.0036, scmap loss: 0.0034, locref loss: 0.0001, limb loss: 0.0001, lr: 5e-05
iteration: 7590, loss: 0.0029, scmap loss: 0.0028, locref loss: 0.0001, limb loss: 0.0001, lr: 5e-05
iteration: 7600, loss: 0.0037, scmap loss: 0.0035, locref loss: 0.0001, limb loss: 0.0001, lr: 5e-05
iteration: 7610, loss: 0.0036, scmap loss: 0.0034, locref loss: 0.0001, limb loss: 0.0001, lr: 5e-05
iteration: 7620, loss: 0.0034, scmap loss: 0.0033, locref loss: 0.0001, limb loss: 0.0001, lr: 5e-05
iteration: 7630, loss: 0.0039, scmap loss: 0.0037, locref loss: 0.0001, limb loss: 0.0001, lr: 5e-05
iteration: 7640, loss: 0.0027, scmap loss: 0.0025, locref loss: 0.0001, limb loss: 0.0001, lr: 5e-05
iteration: 7650, loss: 0.0036, scmap loss: 0.0034, locref loss: 0.0001, limb loss: 0.0001, lr: 5e-05
iteration: 7660, loss: 0.0038, scmap loss: 0.0036, locref loss: 0.0001, limb loss: 0.0001, lr: 5e-05
iteration: 7670, loss: 0.0035, scmap loss: 0.0033, locref loss: 0.0001, limb loss: 0.0001, lr: 5e-05
iteration: 7680, loss: 0.0037, scmap loss: 0.0035, locref loss: 0.0001, limb loss: 0.0001, lr: 5e-05
iteration: 7690, loss: 0.0038, scmap loss: 0.0036, locref loss: 0.0001, limb loss: 0.0001, lr: 5e-05
iteration: 7700, loss: 0.0034, scmap loss: 0.0032, locref loss: 0.0001, limb loss: 0.0001, lr: 5e-05
iteration: 7710, loss: 0.0039, scmap loss: 0.0037, locref loss: 0.0001, limb loss: 0.0001, lr: 5e-05
iteration: 7720, loss: 0.0029, scmap loss: 0.0027, locref loss: 0.0001, limb loss: 0.0001, lr: 5e-05
iteration: 7730, loss: 0.0037, scmap loss: 0.0036, locref loss: 0.0001, limb loss: 0.0001, lr: 5e-05
iteration: 7740, loss: 0.0037, scmap loss: 0.0035, locref loss: 0.0001, limb loss: 0.0001, lr: 5e-05
iteration: 7750, loss: 0.0029, scmap loss: 0.0027, locref loss: 0.0001, limb loss: 0.0001, lr: 5e-05
iteration: 7760, loss: 0.0030, scmap loss: 0.0028, locref loss: 0.0001, limb loss: 0.0001, lr: 5e-05
iteration: 7770, loss: 0.0030, scmap loss: 0.0029, locref loss: 0.0001, limb loss: 0.0001, lr: 5e-05
iteration: 7780, loss: 0.0034, scmap loss: 0.0032, locref loss: 0.0001, limb loss: 0.0001, lr: 5e-05
iteration: 7790, loss: 0.0036, scmap loss: 0.0034, locref loss: 0.0001, limb loss: 0.0001, lr: 5e-05
iteration: 7800, loss: 0.0029, scmap loss: 0.0028, locref loss: 0.0001, limb loss: 0.0001, lr: 5e-05
iteration: 7810, loss: 0.0029, scmap loss: 0.0027, locref loss: 0.0001, limb loss: 0.0001, lr: 5e-05
iteration: 7820, loss: 0.0031, scmap loss: 0.0029, locref loss: 0.0001, limb loss: 0.0001, lr: 5e-05
iteration: 7830, loss: 0.0030, scmap loss: 0.0028, locref loss: 0.0001, limb loss: 0.0001, lr: 5e-05
iteration: 7840, loss: 0.0034, scmap loss: 0.0032, locref loss: 0.0001, limb loss: 0.0001, lr: 5e-05
iteration: 7850, loss: 0.0037, scmap loss: 0.0035, locref loss: 0.0001, limb loss: 0.0001, lr: 5e-05
iteration: 7860, loss: 0.0031, scmap loss: 0.0029, locref loss: 0.0001, limb loss: 0.0001, lr: 5e-05
iteration: 7870, loss: 0.0030, scmap loss: 0.0029, locref loss: 0.0001, limb loss: 0.0001, lr: 5e-05
iteration: 7880, loss: 0.0035, scmap loss: 0.0033, locref loss: 0.0001, limb loss: 0.0001, lr: 5e-05
iteration: 7890, loss: 0.0033, scmap loss: 0.0031, locref loss: 0.0001, limb loss: 0.0001, lr: 5e-05
iteration: 7900, loss: 0.0034, scmap loss: 0.0032, locref loss: 0.0001, limb loss: 0.0001, lr: 5e-05
iteration: 7910, loss: 0.0033, scmap loss: 0.0031, locref loss: 0.0001, limb loss: 0.0001, lr: 5e-05
iteration: 7920, loss: 0.0033, scmap loss: 0.0031, locref loss: 0.0001, limb loss: 0.0001, lr: 5e-05
iteration: 7930, loss: 0.0039, scmap loss: 0.0038, locref loss: 0.0001, limb loss: 0.0001, lr: 5e-05
iteration: 7940, loss: 0.0034, scmap loss: 0.0032, locref loss: 0.0001, limb loss: 0.0001, lr: 5e-05
iteration: 7950, loss: 0.0035, scmap loss: 0.0033, locref loss: 0.0001, limb loss: 0.0001, lr: 5e-05
iteration: 7960, loss: 0.0032, scmap loss: 0.0030, locref loss: 0.0001, limb loss: 0.0001, lr: 5e-05
iteration: 7970, loss: 0.0031, scmap loss: 0.0029, locref loss: 0.0001, limb loss: 0.0001, lr: 5e-05
iteration: 7980, loss: 0.0036, scmap loss: 0.0033, locref loss: 0.0001, limb loss: 0.0002, lr: 5e-05
iteration: 7990, loss: 0.0032, scmap loss: 0.0030, locref loss: 0.0001, limb loss: 0.0001, lr: 5e-05
iteration: 8000, loss: 0.0035, scmap loss: 0.0033, locref loss: 0.0001, limb loss: 0.0001, lr: 5e-05
iteration: 8010, loss: 0.0040, scmap loss: 0.0038, locref loss: 0.0001, limb loss: 0.0001, lr: 5e-05
iteration: 8020, loss: 0.0037, scmap loss: 0.0035, locref loss: 0.0001, limb loss: 0.0001, lr: 5e-05
iteration: 8030, loss: 0.0033, scmap loss: 0.0031, locref loss: 0.0001, limb loss: 0.0001, lr: 5e-05
iteration: 8040, loss: 0.0035, scmap loss: 0.0034, locref loss: 0.0001, limb loss: 0.0001, lr: 5e-05
iteration: 8050, loss: 0.0032, scmap loss: 0.0030, locref loss: 0.0001, limb loss: 0.0001, lr: 5e-05
iteration: 8060, loss: 0.0037, scmap loss: 0.0035, locref loss: 0.0001, limb loss: 0.0001, lr: 5e-05
iteration: 8070, loss: 0.0039, scmap loss: 0.0038, locref loss: 0.0001, limb loss: 0.0001, lr: 5e-05
iteration: 8080, loss: 0.0029, scmap loss: 0.0027, locref loss: 0.0000, limb loss: 0.0001, lr: 5e-05
iteration: 8090, loss: 0.0032, scmap loss: 0.0031, locref loss: 0.0001, limb loss: 0.0001, lr: 5e-05
iteration: 8100, loss: 0.0033, scmap loss: 0.0031, locref loss: 0.0001, limb loss: 0.0001, lr: 5e-05
iteration: 8110, loss: 0.0030, scmap loss: 0.0029, locref loss: 0.0001, limb loss: 0.0001, lr: 5e-05
iteration: 8120, loss: 0.0038, scmap loss: 0.0036, locref loss: 0.0001, limb loss: 0.0001, lr: 5e-05
iteration: 8130, loss: 0.0030, scmap loss: 0.0028, locref loss: 0.0001, limb loss: 0.0001, lr: 5e-05
iteration: 8140, loss: 0.0036, scmap loss: 0.0034, locref loss: 0.0001, limb loss: 0.0001, lr: 5e-05
iteration: 8150, loss: 0.0034, scmap loss: 0.0033, locref loss: 0.0001, limb loss: 0.0001, lr: 5e-05
iteration: 8160, loss: 0.0033, scmap loss: 0.0031, locref loss: 0.0001, limb loss: 0.0001, lr: 5e-05
iteration: 8170, loss: 0.0032, scmap loss: 0.0031, locref loss: 0.0001, limb loss: 0.0001, lr: 5e-05
iteration: 8180, loss: 0.0031, scmap loss: 0.0029, locref loss: 0.0001, limb loss: 0.0001, lr: 5e-05
iteration: 8190, loss: 0.0030, scmap loss: 0.0028, locref loss: 0.0001, limb loss: 0.0001, lr: 5e-05
iteration: 8200, loss: 0.0039, scmap loss: 0.0037, locref loss: 0.0001, limb loss: 0.0001, lr: 5e-05
iteration: 8210, loss: 0.0036, scmap loss: 0.0034, locref loss: 0.0001, limb loss: 0.0001, lr: 5e-05
iteration: 8220, loss: 0.0032, scmap loss: 0.0030, locref loss: 0.0001, limb loss: 0.0001, lr: 5e-05
iteration: 8230, loss: 0.0030, scmap loss: 0.0029, locref loss: 0.0001, limb loss: 0.0001, lr: 5e-05
iteration: 8240, loss: 0.0037, scmap loss: 0.0035, locref loss: 0.0001, limb loss: 0.0001, lr: 5e-05
iteration: 8250, loss: 0.0030, scmap loss: 0.0029, locref loss: 0.0001, limb loss: 0.0001, lr: 5e-05
iteration: 8260, loss: 0.0033, scmap loss: 0.0032, locref loss: 0.0001, limb loss: 0.0001, lr: 5e-05
iteration: 8270, loss: 0.0031, scmap loss: 0.0029, locref loss: 0.0001, limb loss: 0.0001, lr: 5e-05
iteration: 8280, loss: 0.0031, scmap loss: 0.0029, locref loss: 0.0001, limb loss: 0.0001, lr: 5e-05
iteration: 8290, loss: 0.0031, scmap loss: 0.0030, locref loss: 0.0001, limb loss: 0.0001, lr: 5e-05
iteration: 8300, loss: 0.0042, scmap loss: 0.0040, locref loss: 0.0001, limb loss: 0.0001, lr: 5e-05
iteration: 8310, loss: 0.0036, scmap loss: 0.0034, locref loss: 0.0001, limb loss: 0.0001, lr: 5e-05
iteration: 8320, loss: 0.0034, scmap loss: 0.0032, locref loss: 0.0001, limb loss: 0.0001, lr: 5e-05
iteration: 8330, loss: 0.0034, scmap loss: 0.0032, locref loss: 0.0001, limb loss: 0.0001, lr: 5e-05
iteration: 8340, loss: 0.0033, scmap loss: 0.0031, locref loss: 0.0001, limb loss: 0.0001, lr: 5e-05
iteration: 8350, loss: 0.0034, scmap loss: 0.0032, locref loss: 0.0001, limb loss: 0.0001, lr: 5e-05
iteration: 8360, loss: 0.0031, scmap loss: 0.0029, locref loss: 0.0001, limb loss: 0.0001, lr: 5e-05
iteration: 8370, loss: 0.0038, scmap loss: 0.0036, locref loss: 0.0001, limb loss: 0.0002, lr: 5e-05
iteration: 8380, loss: 0.0032, scmap loss: 0.0030, locref loss: 0.0001, limb loss: 0.0001, lr: 5e-05
iteration: 8390, loss: 0.0036, scmap loss: 0.0034, locref loss: 0.0001, limb loss: 0.0001, lr: 5e-05
iteration: 8400, loss: 0.0037, scmap loss: 0.0035, locref loss: 0.0001, limb loss: 0.0001, lr: 5e-05
iteration: 8410, loss: 0.0032, scmap loss: 0.0030, locref loss: 0.0001, limb loss: 0.0001, lr: 5e-05
iteration: 8420, loss: 0.0035, scmap loss: 0.0033, locref loss: 0.0001, limb loss: 0.0001, lr: 5e-05
iteration: 8430, loss: 0.0033, scmap loss: 0.0031, locref loss: 0.0001, limb loss: 0.0001, lr: 5e-05
iteration: 8440, loss: 0.0033, scmap loss: 0.0031, locref loss: 0.0001, limb loss: 0.0001, lr: 5e-05
iteration: 8450, loss: 0.0033, scmap loss: 0.0031, locref loss: 0.0001, limb loss: 0.0001, lr: 5e-05
iteration: 8460, loss: 0.0033, scmap loss: 0.0031, locref loss: 0.0001, limb loss: 0.0001, lr: 5e-05
iteration: 8470, loss: 0.0031, scmap loss: 0.0030, locref loss: 0.0001, limb loss: 0.0001, lr: 5e-05
iteration: 8480, loss: 0.0031, scmap loss: 0.0029, locref loss: 0.0001, limb loss: 0.0001, lr: 5e-05
iteration: 8490, loss: 0.0029, scmap loss: 0.0027, locref loss: 0.0001, limb loss: 0.0001, lr: 5e-05
iteration: 8500, loss: 0.0034, scmap loss: 0.0032, locref loss: 0.0001, limb loss: 0.0001, lr: 5e-05
iteration: 8510, loss: 0.0029, scmap loss: 0.0027, locref loss: 0.0001, limb loss: 0.0001, lr: 5e-05
iteration: 8520, loss: 0.0032, scmap loss: 0.0030, locref loss: 0.0001, limb loss: 0.0001, lr: 5e-05
iteration: 8530, loss: 0.0031, scmap loss: 0.0029, locref loss: 0.0001, limb loss: 0.0001, lr: 5e-05
iteration: 8540, loss: 0.0032, scmap loss: 0.0031, locref loss: 0.0001, limb loss: 0.0001, lr: 5e-05
iteration: 8550, loss: 0.0028, scmap loss: 0.0027, locref loss: 0.0001, limb loss: 0.0001, lr: 5e-05
iteration: 8560, loss: 0.0029, scmap loss: 0.0028, locref loss: 0.0001, limb loss: 0.0001, lr: 5e-05
iteration: 8570, loss: 0.0040, scmap loss: 0.0039, locref loss: 0.0001, limb loss: 0.0001, lr: 5e-05
iteration: 8580, loss: 0.0031, scmap loss: 0.0029, locref loss: 0.0001, limb loss: 0.0001, lr: 5e-05
iteration: 8590, loss: 0.0034, scmap loss: 0.0032, locref loss: 0.0001, limb loss: 0.0001, lr: 5e-05
iteration: 8600, loss: 0.0030, scmap loss: 0.0029, locref loss: 0.0001, limb loss: 0.0001, lr: 5e-05
iteration: 8610, loss: 0.0028, scmap loss: 0.0026, locref loss: 0.0001, limb loss: 0.0001, lr: 5e-05
iteration: 8620, loss: 0.0033, scmap loss: 0.0031, locref loss: 0.0001, limb loss: 0.0001, lr: 5e-05
iteration: 8630, loss: 0.0031, scmap loss: 0.0030, locref loss: 0.0001, limb loss: 0.0001, lr: 5e-05
iteration: 8640, loss: 0.0031, scmap loss: 0.0030, locref loss: 0.0001, limb loss: 0.0001, lr: 5e-05
iteration: 8650, loss: 0.0027, scmap loss: 0.0026, locref loss: 0.0001, limb loss: 0.0001, lr: 5e-05
iteration: 8660, loss: 0.0032, scmap loss: 0.0030, locref loss: 0.0001, limb loss: 0.0001, lr: 5e-05
iteration: 8670, loss: 0.0034, scmap loss: 0.0032, locref loss: 0.0001, limb loss: 0.0001, lr: 5e-05
iteration: 8680, loss: 0.0030, scmap loss: 0.0028, locref loss: 0.0001, limb loss: 0.0001, lr: 5e-05
iteration: 8690, loss: 0.0030, scmap loss: 0.0027, locref loss: 0.0001, limb loss: 0.0001, lr: 5e-05
iteration: 8700, loss: 0.0032, scmap loss: 0.0030, locref loss: 0.0001, limb loss: 0.0001, lr: 5e-05
iteration: 8710, loss: 0.0037, scmap loss: 0.0034, locref loss: 0.0001, limb loss: 0.0001, lr: 5e-05
iteration: 8720, loss: 0.0031, scmap loss: 0.0029, locref loss: 0.0001, limb loss: 0.0001, lr: 5e-05
iteration: 8730, loss: 0.0031, scmap loss: 0.0029, locref loss: 0.0001, limb loss: 0.0001, lr: 5e-05
iteration: 8740, loss: 0.0034, scmap loss: 0.0032, locref loss: 0.0001, limb loss: 0.0001, lr: 5e-05
iteration: 8750, loss: 0.0036, scmap loss: 0.0034, locref loss: 0.0001, limb loss: 0.0001, lr: 5e-05
iteration: 8760, loss: 0.0037, scmap loss: 0.0035, locref loss: 0.0001, limb loss: 0.0001, lr: 5e-05
iteration: 8770, loss: 0.0035, scmap loss: 0.0034, locref loss: 0.0001, limb loss: 0.0001, lr: 5e-05
iteration: 8780, loss: 0.0032, scmap loss: 0.0030, locref loss: 0.0001, limb loss: 0.0001, lr: 5e-05
iteration: 8790, loss: 0.0030, scmap loss: 0.0028, locref loss: 0.0001, limb loss: 0.0001, lr: 5e-05
iteration: 8800, loss: 0.0032, scmap loss: 0.0030, locref loss: 0.0001, limb loss: 0.0001, lr: 5e-05
iteration: 8810, loss: 0.0033, scmap loss: 0.0031, locref loss: 0.0001, limb loss: 0.0001, lr: 5e-05
iteration: 8820, loss: 0.0033, scmap loss: 0.0032, locref loss: 0.0001, limb loss: 0.0001, lr: 5e-05
iteration: 8830, loss: 0.0034, scmap loss: 0.0031, locref loss: 0.0001, limb loss: 0.0002, lr: 5e-05
iteration: 8840, loss: 0.0030, scmap loss: 0.0028, locref loss: 0.0001, limb loss: 0.0001, lr: 5e-05
iteration: 8850, loss: 0.0031, scmap loss: 0.0029, locref loss: 0.0001, limb loss: 0.0001, lr: 5e-05
iteration: 8860, loss: 0.0033, scmap loss: 0.0031, locref loss: 0.0001, limb loss: 0.0001, lr: 5e-05
iteration: 8870, loss: 0.0033, scmap loss: 0.0031, locref loss: 0.0001, limb loss: 0.0001, lr: 5e-05
iteration: 8880, loss: 0.0028, scmap loss: 0.0026, locref loss: 0.0001, limb loss: 0.0001, lr: 5e-05
iteration: 8890, loss: 0.0031, scmap loss: 0.0029, locref loss: 0.0001, limb loss: 0.0001, lr: 5e-05
iteration: 8900, loss: 0.0032, scmap loss: 0.0030, locref loss: 0.0001, limb loss: 0.0001, lr: 5e-05
iteration: 8910, loss: 0.0032, scmap loss: 0.0031, locref loss: 0.0001, limb loss: 0.0001, lr: 5e-05
iteration: 8920, loss: 0.0032, scmap loss: 0.0030, locref loss: 0.0001, limb loss: 0.0001, lr: 5e-05
iteration: 8930, loss: 0.0035, scmap loss: 0.0033, locref loss: 0.0001, limb loss: 0.0001, lr: 5e-05
iteration: 8940, loss: 0.0034, scmap loss: 0.0032, locref loss: 0.0001, limb loss: 0.0001, lr: 5e-05
iteration: 8950, loss: 0.0029, scmap loss: 0.0027, locref loss: 0.0001, limb loss: 0.0001, lr: 5e-05
iteration: 8960, loss: 0.0034, scmap loss: 0.0032, locref loss: 0.0001, limb loss: 0.0001, lr: 5e-05
iteration: 8970, loss: 0.0029, scmap loss: 0.0027, locref loss: 0.0001, limb loss: 0.0001, lr: 5e-05
iteration: 8980, loss: 0.0033, scmap loss: 0.0032, locref loss: 0.0001, limb loss: 0.0001, lr: 5e-05
iteration: 8990, loss: 0.0029, scmap loss: 0.0027, locref loss: 0.0001, limb loss: 0.0001, lr: 5e-05
iteration: 9000, loss: 0.0033, scmap loss: 0.0031, locref loss: 0.0001, limb loss: 0.0001, lr: 5e-05
iteration: 9010, loss: 0.0033, scmap loss: 0.0032, locref loss: 0.0001, limb loss: 0.0001, lr: 5e-05
iteration: 9020, loss: 0.0033, scmap loss: 0.0030, locref loss: 0.0001, limb loss: 0.0002, lr: 5e-05
iteration: 9030, loss: 0.0027, scmap loss: 0.0025, locref loss: 0.0001, limb loss: 0.0001, lr: 5e-05
iteration: 9040, loss: 0.0031, scmap loss: 0.0030, locref loss: 0.0001, limb loss: 0.0001, lr: 5e-05
iteration: 9050, loss: 0.0032, scmap loss: 0.0030, locref loss: 0.0001, limb loss: 0.0001, lr: 5e-05
iteration: 9060, loss: 0.0032, scmap loss: 0.0030, locref loss: 0.0001, limb loss: 0.0001, lr: 5e-05
iteration: 9070, loss: 0.0027, scmap loss: 0.0026, locref loss: 0.0001, limb loss: 0.0001, lr: 5e-05
iteration: 9080, loss: 0.0029, scmap loss: 0.0028, locref loss: 0.0001, limb loss: 0.0001, lr: 5e-05
iteration: 9090, loss: 0.0040, scmap loss: 0.0038, locref loss: 0.0001, limb loss: 0.0001, lr: 5e-05
iteration: 9100, loss: 0.0036, scmap loss: 0.0034, locref loss: 0.0001, limb loss: 0.0001, lr: 5e-05
iteration: 9110, loss: 0.0035, scmap loss: 0.0033, locref loss: 0.0001, limb loss: 0.0001, lr: 5e-05
iteration: 9120, loss: 0.0033, scmap loss: 0.0032, locref loss: 0.0001, limb loss: 0.0001, lr: 5e-05
iteration: 9130, loss: 0.0030, scmap loss: 0.0028, locref loss: 0.0001, limb loss: 0.0001, lr: 5e-05
iteration: 9140, loss: 0.0030, scmap loss: 0.0029, locref loss: 0.0001, limb loss: 0.0001, lr: 5e-05
iteration: 9150, loss: 0.0032, scmap loss: 0.0031, locref loss: 0.0001, limb loss: 0.0001, lr: 5e-05
iteration: 9160, loss: 0.0041, scmap loss: 0.0039, locref loss: 0.0001, limb loss: 0.0001, lr: 5e-05
iteration: 9170, loss: 0.0034, scmap loss: 0.0032, locref loss: 0.0001, limb loss: 0.0001, lr: 5e-05
iteration: 9180, loss: 0.0035, scmap loss: 0.0033, locref loss: 0.0001, limb loss: 0.0001, lr: 5e-05
iteration: 9190, loss: 0.0037, scmap loss: 0.0035, locref loss: 0.0001, limb loss: 0.0001, lr: 5e-05
iteration: 9200, loss: 0.0033, scmap loss: 0.0031, locref loss: 0.0001, limb loss: 0.0001, lr: 5e-05
iteration: 9210, loss: 0.0032, scmap loss: 0.0030, locref loss: 0.0001, limb loss: 0.0001, lr: 5e-05
iteration: 9220, loss: 0.0034, scmap loss: 0.0033, locref loss: 0.0001, limb loss: 0.0001, lr: 5e-05
iteration: 9230, loss: 0.0034, scmap loss: 0.0032, locref loss: 0.0001, limb loss: 0.0001, lr: 5e-05
iteration: 9240, loss: 0.0033, scmap loss: 0.0031, locref loss: 0.0001, limb loss: 0.0001, lr: 5e-05
iteration: 9250, loss: 0.0034, scmap loss: 0.0032, locref loss: 0.0001, limb loss: 0.0001, lr: 5e-05
iteration: 9260, loss: 0.0031, scmap loss: 0.0030, locref loss: 0.0001, limb loss: 0.0001, lr: 5e-05
iteration: 9270, loss: 0.0035, scmap loss: 0.0034, locref loss: 0.0001, limb loss: 0.0001, lr: 5e-05
iteration: 9280, loss: 0.0033, scmap loss: 0.0031, locref loss: 0.0001, limb loss: 0.0001, lr: 5e-05
iteration: 9290, loss: 0.0033, scmap loss: 0.0031, locref loss: 0.0001, limb loss: 0.0001, lr: 5e-05
iteration: 9300, loss: 0.0032, scmap loss: 0.0030, locref loss: 0.0001, limb loss: 0.0001, lr: 5e-05
iteration: 9310, loss: 0.0029, scmap loss: 0.0027, locref loss: 0.0001, limb loss: 0.0001, lr: 5e-05
iteration: 9320, loss: 0.0034, scmap loss: 0.0032, locref loss: 0.0001, limb loss: 0.0001, lr: 5e-05
iteration: 9330, loss: 0.0028, scmap loss: 0.0026, locref loss: 0.0001, limb loss: 0.0001, lr: 5e-05
iteration: 9340, loss: 0.0030, scmap loss: 0.0028, locref loss: 0.0001, limb loss: 0.0001, lr: 5e-05
iteration: 9350, loss: 0.0031, scmap loss: 0.0029, locref loss: 0.0001, limb loss: 0.0001, lr: 5e-05
iteration: 9360, loss: 0.0035, scmap loss: 0.0033, locref loss: 0.0001, limb loss: 0.0001, lr: 5e-05
iteration: 9370, loss: 0.0031, scmap loss: 0.0029, locref loss: 0.0001, limb loss: 0.0001, lr: 5e-05
iteration: 9380, loss: 0.0030, scmap loss: 0.0028, locref loss: 0.0001, limb loss: 0.0001, lr: 5e-05
iteration: 9390, loss: 0.0034, scmap loss: 0.0032, locref loss: 0.0001, limb loss: 0.0001, lr: 5e-05
iteration: 9400, loss: 0.0034, scmap loss: 0.0033, locref loss: 0.0001, limb loss: 0.0001, lr: 5e-05
iteration: 9410, loss: 0.0033, scmap loss: 0.0031, locref loss: 0.0001, limb loss: 0.0001, lr: 5e-05
iteration: 9420, loss: 0.0033, scmap loss: 0.0032, locref loss: 0.0001, limb loss: 0.0001, lr: 5e-05
iteration: 9430, loss: 0.0039, scmap loss: 0.0037, locref loss: 0.0001, limb loss: 0.0001, lr: 5e-05
iteration: 9440, loss: 0.0033, scmap loss: 0.0031, locref loss: 0.0001, limb loss: 0.0001, lr: 5e-05
iteration: 9450, loss: 0.0028, scmap loss: 0.0027, locref loss: 0.0001, limb loss: 0.0001, lr: 5e-05
iteration: 9460, loss: 0.0031, scmap loss: 0.0029, locref loss: 0.0001, limb loss: 0.0001, lr: 5e-05
iteration: 9470, loss: 0.0030, scmap loss: 0.0029, locref loss: 0.0001, limb loss: 0.0001, lr: 5e-05
iteration: 9480, loss: 0.0033, scmap loss: 0.0032, locref loss: 0.0001, limb loss: 0.0001, lr: 5e-05
iteration: 9490, loss: 0.0037, scmap loss: 0.0035, locref loss: 0.0001, limb loss: 0.0001, lr: 5e-05
iteration: 9500, loss: 0.0031, scmap loss: 0.0030, locref loss: 0.0001, limb loss: 0.0001, lr: 5e-05
iteration: 9510, loss: 0.0031, scmap loss: 0.0029, locref loss: 0.0001, limb loss: 0.0001, lr: 5e-05
iteration: 9520, loss: 0.0032, scmap loss: 0.0030, locref loss: 0.0001, limb loss: 0.0001, lr: 5e-05
iteration: 9530, loss: 0.0032, scmap loss: 0.0030, locref loss: 0.0001, limb loss: 0.0001, lr: 5e-05
iteration: 9540, loss: 0.0033, scmap loss: 0.0031, locref loss: 0.0001, limb loss: 0.0001, lr: 5e-05
iteration: 9550, loss: 0.0032, scmap loss: 0.0031, locref loss: 0.0001, limb loss: 0.0001, lr: 5e-05
iteration: 9560, loss: 0.0036, scmap loss: 0.0034, locref loss: 0.0001, limb loss: 0.0001, lr: 5e-05
iteration: 9570, loss: 0.0035, scmap loss: 0.0034, locref loss: 0.0001, limb loss: 0.0001, lr: 5e-05
iteration: 9580, loss: 0.0031, scmap loss: 0.0030, locref loss: 0.0001, limb loss: 0.0001, lr: 5e-05
iteration: 9590, loss: 0.0030, scmap loss: 0.0028, locref loss: 0.0001, limb loss: 0.0001, lr: 5e-05
iteration: 9600, loss: 0.0034, scmap loss: 0.0032, locref loss: 0.0001, limb loss: 0.0001, lr: 5e-05
iteration: 9610, loss: 0.0034, scmap loss: 0.0033, locref loss: 0.0001, limb loss: 0.0001, lr: 5e-05
iteration: 9620, loss: 0.0030, scmap loss: 0.0028, locref loss: 0.0001, limb loss: 0.0001, lr: 5e-05
iteration: 9630, loss: 0.0030, scmap loss: 0.0029, locref loss: 0.0001, limb loss: 0.0001, lr: 5e-05
iteration: 9640, loss: 0.0031, scmap loss: 0.0029, locref loss: 0.0001, limb loss: 0.0001, lr: 5e-05
iteration: 9650, loss: 0.0029, scmap loss: 0.0027, locref loss: 0.0001, limb loss: 0.0001, lr: 5e-05
iteration: 9660, loss: 0.0030, scmap loss: 0.0029, locref loss: 0.0001, limb loss: 0.0001, lr: 5e-05
iteration: 9670, loss: 0.0029, scmap loss: 0.0028, locref loss: 0.0001, limb loss: 0.0001, lr: 5e-05
iteration: 9680, loss: 0.0031, scmap loss: 0.0029, locref loss: 0.0001, limb loss: 0.0001, lr: 5e-05
iteration: 9690, loss: 0.0036, scmap loss: 0.0034, locref loss: 0.0001, limb loss: 0.0001, lr: 5e-05
iteration: 9700, loss: 0.0028, scmap loss: 0.0026, locref loss: 0.0001, limb loss: 0.0001, lr: 5e-05
iteration: 9710, loss: 0.0032, scmap loss: 0.0030, locref loss: 0.0001, limb loss: 0.0001, lr: 5e-05
iteration: 9720, loss: 0.0027, scmap loss: 0.0025, locref loss: 0.0001, limb loss: 0.0001, lr: 5e-05
iteration: 9730, loss: 0.0029, scmap loss: 0.0027, locref loss: 0.0001, limb loss: 0.0001, lr: 5e-05
iteration: 9740, loss: 0.0031, scmap loss: 0.0029, locref loss: 0.0001, limb loss: 0.0001, lr: 5e-05
iteration: 9750, loss: 0.0034, scmap loss: 0.0032, locref loss: 0.0001, limb loss: 0.0001, lr: 5e-05
iteration: 9760, loss: 0.0031, scmap loss: 0.0029, locref loss: 0.0001, limb loss: 0.0001, lr: 5e-05
iteration: 9770, loss: 0.0032, scmap loss: 0.0030, locref loss: 0.0001, limb loss: 0.0001, lr: 5e-05
iteration: 9780, loss: 0.0033, scmap loss: 0.0031, locref loss: 0.0001, limb loss: 0.0001, lr: 5e-05
iteration: 9790, loss: 0.0033, scmap loss: 0.0031, locref loss: 0.0001, limb loss: 0.0001, lr: 5e-05
iteration: 9800, loss: 0.0031, scmap loss: 0.0029, locref loss: 0.0001, limb loss: 0.0001, lr: 5e-05
iteration: 9810, loss: 0.0032, scmap loss: 0.0030, locref loss: 0.0001, limb loss: 0.0001, lr: 5e-05
iteration: 9820, loss: 0.0034, scmap loss: 0.0032, locref loss: 0.0001, limb loss: 0.0001, lr: 5e-05
iteration: 9830, loss: 0.0030, scmap loss: 0.0028, locref loss: 0.0001, limb loss: 0.0001, lr: 5e-05
iteration: 9840, loss: 0.0028, scmap loss: 0.0026, locref loss: 0.0001, limb loss: 0.0001, lr: 5e-05
iteration: 9850, loss: 0.0031, scmap loss: 0.0029, locref loss: 0.0001, limb loss: 0.0001, lr: 5e-05
iteration: 9860, loss: 0.0033, scmap loss: 0.0032, locref loss: 0.0001, limb loss: 0.0001, lr: 5e-05
iteration: 9870, loss: 0.0031, scmap loss: 0.0029, locref loss: 0.0001, limb loss: 0.0001, lr: 5e-05
iteration: 9880, loss: 0.0031, scmap loss: 0.0029, locref loss: 0.0001, limb loss: 0.0001, lr: 5e-05
iteration: 9890, loss: 0.0033, scmap loss: 0.0031, locref loss: 0.0001, limb loss: 0.0001, lr: 5e-05
iteration: 9900, loss: 0.0029, scmap loss: 0.0027, locref loss: 0.0001, limb loss: 0.0001, lr: 5e-05
iteration: 9910, loss: 0.0033, scmap loss: 0.0031, locref loss: 0.0001, limb loss: 0.0001, lr: 5e-05
iteration: 9920, loss: 0.0031, scmap loss: 0.0029, locref loss: 0.0001, limb loss: 0.0001, lr: 5e-05
iteration: 9930, loss: 0.0028, scmap loss: 0.0026, locref loss: 0.0001, limb loss: 0.0001, lr: 5e-05
iteration: 9940, loss: 0.0036, scmap loss: 0.0034, locref loss: 0.0001, limb loss: 0.0001, lr: 5e-05
iteration: 9950, loss: 0.0029, scmap loss: 0.0027, locref loss: 0.0001, limb loss: 0.0001, lr: 5e-05
iteration: 9960, loss: 0.0034, scmap loss: 0.0032, locref loss: 0.0001, limb loss: 0.0001, lr: 5e-05
iteration: 9970, loss: 0.0034, scmap loss: 0.0033, locref loss: 0.0001, limb loss: 0.0001, lr: 5e-05
iteration: 9980, loss: 0.0030, scmap loss: 0.0028, locref loss: 0.0001, limb loss: 0.0001, lr: 5e-05
iteration: 9990, loss: 0.0028, scmap loss: 0.0027, locref loss: 0.0001, limb loss: 0.0001, lr: 5e-05
iteration: 10000, loss: 0.0031, scmap loss: 0.0030, locref loss: 0.0001, limb loss: 0.0001, lr: 5e-05
iteration: 10010, loss: 0.0032, scmap loss: 0.0030, locref loss: 0.0001, limb loss: 0.0002, lr: 5e-05
iteration: 10020, loss: 0.0030, scmap loss: 0.0028, locref loss: 0.0001, limb loss: 0.0001, lr: 5e-05
iteration: 10030, loss: 0.0033, scmap loss: 0.0031, locref loss: 0.0001, limb loss: 0.0001, lr: 5e-05
iteration: 10040, loss: 0.0030, scmap loss: 0.0028, locref loss: 0.0001, limb loss: 0.0001, lr: 5e-05
iteration: 10050, loss: 0.0032, scmap loss: 0.0031, locref loss: 0.0001, limb loss: 0.0001, lr: 5e-05
iteration: 10060, loss: 0.0030, scmap loss: 0.0028, locref loss: 0.0001, limb loss: 0.0001, lr: 5e-05
iteration: 10070, loss: 0.0025, scmap loss: 0.0024, locref loss: 0.0001, limb loss: 0.0001, lr: 5e-05
iteration: 10080, loss: 0.0031, scmap loss: 0.0029, locref loss: 0.0001, limb loss: 0.0001, lr: 5e-05
iteration: 10090, loss: 0.0024, scmap loss: 0.0023, locref loss: 0.0001, limb loss: 0.0001, lr: 5e-05
iteration: 10100, loss: 0.0032, scmap loss: 0.0030, locref loss: 0.0001, limb loss: 0.0001, lr: 5e-05
iteration: 10110, loss: 0.0034, scmap loss: 0.0032, locref loss: 0.0001, limb loss: 0.0001, lr: 5e-05
iteration: 10120, loss: 0.0029, scmap loss: 0.0027, locref loss: 0.0001, limb loss: 0.0001, lr: 5e-05
iteration: 10130, loss: 0.0031, scmap loss: 0.0029, locref loss: 0.0001, limb loss: 0.0001, lr: 5e-05
iteration: 10140, loss: 0.0031, scmap loss: 0.0028, locref loss: 0.0001, limb loss: 0.0001, lr: 5e-05
iteration: 10150, loss: 0.0037, scmap loss: 0.0034, locref loss: 0.0001, limb loss: 0.0001, lr: 5e-05
iteration: 10160, loss: 0.0043, scmap loss: 0.0040, locref loss: 0.0001, limb loss: 0.0002, lr: 5e-05
iteration: 10170, loss: 0.0037, scmap loss: 0.0035, locref loss: 0.0001, limb loss: 0.0001, lr: 5e-05
iteration: 10180, loss: 0.0029, scmap loss: 0.0027, locref loss: 0.0001, limb loss: 0.0001, lr: 5e-05
iteration: 10190, loss: 0.0033, scmap loss: 0.0031, locref loss: 0.0001, limb loss: 0.0001, lr: 5e-05
iteration: 10200, loss: 0.0029, scmap loss: 0.0028, locref loss: 0.0001, limb loss: 0.0001, lr: 5e-05
iteration: 10210, loss: 0.0028, scmap loss: 0.0026, locref loss: 0.0001, limb loss: 0.0001, lr: 5e-05
iteration: 10220, loss: 0.0025, scmap loss: 0.0023, locref loss: 0.0001, limb loss: 0.0001, lr: 5e-05
iteration: 10230, loss: 0.0029, scmap loss: 0.0027, locref loss: 0.0001, limb loss: 0.0001, lr: 5e-05
iteration: 10240, loss: 0.0029, scmap loss: 0.0028, locref loss: 0.0001, limb loss: 0.0001, lr: 5e-05
iteration: 10250, loss: 0.0031, scmap loss: 0.0029, locref loss: 0.0001, limb loss: 0.0001, lr: 5e-05
iteration: 10260, loss: 0.0027, scmap loss: 0.0025, locref loss: 0.0001, limb loss: 0.0001, lr: 5e-05
iteration: 10270, loss: 0.0033, scmap loss: 0.0031, locref loss: 0.0001, limb loss: 0.0001, lr: 5e-05
iteration: 10280, loss: 0.0028, scmap loss: 0.0026, locref loss: 0.0001, limb loss: 0.0001, lr: 5e-05
iteration: 10290, loss: 0.0029, scmap loss: 0.0027, locref loss: 0.0001, limb loss: 0.0001, lr: 5e-05
iteration: 10300, loss: 0.0029, scmap loss: 0.0027, locref loss: 0.0001, limb loss: 0.0001, lr: 5e-05
iteration: 10310, loss: 0.0027, scmap loss: 0.0026, locref loss: 0.0001, limb loss: 0.0001, lr: 5e-05
iteration: 10320, loss: 0.0025, scmap loss: 0.0023, locref loss: 0.0001, limb loss: 0.0001, lr: 5e-05
iteration: 10330, loss: 0.0027, scmap loss: 0.0026, locref loss: 0.0001, limb loss: 0.0001, lr: 5e-05
iteration: 10340, loss: 0.0032, scmap loss: 0.0030, locref loss: 0.0001, limb loss: 0.0001, lr: 5e-05
iteration: 10350, loss: 0.0037, scmap loss: 0.0035, locref loss: 0.0001, limb loss: 0.0001, lr: 5e-05
iteration: 10360, loss: 0.0029, scmap loss: 0.0027, locref loss: 0.0001, limb loss: 0.0001, lr: 5e-05
iteration: 10370, loss: 0.0028, scmap loss: 0.0027, locref loss: 0.0001, limb loss: 0.0001, lr: 5e-05
iteration: 10380, loss: 0.0027, scmap loss: 0.0026, locref loss: 0.0001, limb loss: 0.0001, lr: 5e-05
iteration: 10390, loss: 0.0027, scmap loss: 0.0025, locref loss: 0.0001, limb loss: 0.0001, lr: 5e-05
iteration: 10400, loss: 0.0031, scmap loss: 0.0029, locref loss: 0.0001, limb loss: 0.0001, lr: 5e-05
iteration: 10410, loss: 0.0031, scmap loss: 0.0029, locref loss: 0.0001, limb loss: 0.0002, lr: 5e-05
iteration: 10420, loss: 0.0027, scmap loss: 0.0025, locref loss: 0.0001, limb loss: 0.0001, lr: 5e-05
iteration: 10430, loss: 0.0029, scmap loss: 0.0027, locref loss: 0.0001, limb loss: 0.0001, lr: 5e-05
iteration: 10440, loss: 0.0033, scmap loss: 0.0031, locref loss: 0.0001, limb loss: 0.0001, lr: 5e-05
iteration: 10450, loss: 0.0024, scmap loss: 0.0023, locref loss: 0.0001, limb loss: 0.0001, lr: 5e-05
iteration: 10460, loss: 0.0029, scmap loss: 0.0027, locref loss: 0.0001, limb loss: 0.0001, lr: 5e-05
iteration: 10470, loss: 0.0030, scmap loss: 0.0029, locref loss: 0.0001, limb loss: 0.0001, lr: 5e-05
iteration: 10480, loss: 0.0030, scmap loss: 0.0028, locref loss: 0.0001, limb loss: 0.0001, lr: 5e-05
iteration: 10490, loss: 0.0030, scmap loss: 0.0028, locref loss: 0.0001, limb loss: 0.0001, lr: 5e-05
iteration: 10500, loss: 0.0029, scmap loss: 0.0027, locref loss: 0.0001, limb loss: 0.0001, lr: 5e-05
iteration: 10510, loss: 0.0032, scmap loss: 0.0030, locref loss: 0.0001, limb loss: 0.0001, lr: 5e-05
iteration: 10520, loss: 0.0032, scmap loss: 0.0030, locref loss: 0.0001, limb loss: 0.0001, lr: 5e-05
iteration: 10530, loss: 0.0032, scmap loss: 0.0030, locref loss: 0.0001, limb loss: 0.0001, lr: 5e-05
iteration: 10540, loss: 0.0031, scmap loss: 0.0029, locref loss: 0.0001, limb loss: 0.0001, lr: 5e-05
iteration: 10550, loss: 0.0028, scmap loss: 0.0027, locref loss: 0.0001, limb loss: 0.0001, lr: 5e-05
iteration: 10560, loss: 0.0028, scmap loss: 0.0026, locref loss: 0.0001, limb loss: 0.0001, lr: 5e-05
iteration: 10570, loss: 0.0028, scmap loss: 0.0027, locref loss: 0.0001, limb loss: 0.0001, lr: 5e-05
iteration: 10580, loss: 0.0030, scmap loss: 0.0029, locref loss: 0.0001, limb loss: 0.0001, lr: 5e-05
iteration: 10590, loss: 0.0026, scmap loss: 0.0025, locref loss: 0.0001, limb loss: 0.0001, lr: 5e-05
iteration: 10600, loss: 0.0032, scmap loss: 0.0030, locref loss: 0.0001, limb loss: 0.0001, lr: 5e-05
iteration: 10610, loss: 0.0029, scmap loss: 0.0027, locref loss: 0.0001, limb loss: 0.0001, lr: 5e-05
iteration: 10620, loss: 0.0033, scmap loss: 0.0031, locref loss: 0.0001, limb loss: 0.0001, lr: 5e-05
iteration: 10630, loss: 0.0027, scmap loss: 0.0026, locref loss: 0.0001, limb loss: 0.0001, lr: 5e-05
iteration: 10640, loss: 0.0032, scmap loss: 0.0030, locref loss: 0.0001, limb loss: 0.0001, lr: 5e-05
iteration: 10650, loss: 0.0029, scmap loss: 0.0028, locref loss: 0.0001, limb loss: 0.0001, lr: 5e-05
iteration: 10660, loss: 0.0030, scmap loss: 0.0028, locref loss: 0.0001, limb loss: 0.0001, lr: 5e-05
iteration: 10670, loss: 0.0031, scmap loss: 0.0029, locref loss: 0.0001, limb loss: 0.0001, lr: 5e-05
iteration: 10680, loss: 0.0027, scmap loss: 0.0025, locref loss: 0.0001, limb loss: 0.0001, lr: 5e-05
iteration: 10690, loss: 0.0028, scmap loss: 0.0027, locref loss: 0.0001, limb loss: 0.0001, lr: 5e-05
iteration: 10700, loss: 0.0028, scmap loss: 0.0027, locref loss: 0.0001, limb loss: 0.0001, lr: 5e-05
iteration: 10710, loss: 0.0032, scmap loss: 0.0030, locref loss: 0.0001, limb loss: 0.0001, lr: 5e-05
iteration: 10720, loss: 0.0033, scmap loss: 0.0032, locref loss: 0.0001, limb loss: 0.0001, lr: 5e-05
iteration: 10730, loss: 0.0033, scmap loss: 0.0031, locref loss: 0.0001, limb loss: 0.0001, lr: 5e-05
iteration: 10740, loss: 0.0032, scmap loss: 0.0030, locref loss: 0.0001, limb loss: 0.0001, lr: 5e-05
iteration: 10750, loss: 0.0030, scmap loss: 0.0029, locref loss: 0.0001, limb loss: 0.0001, lr: 5e-05
iteration: 10760, loss: 0.0029, scmap loss: 0.0027, locref loss: 0.0001, limb loss: 0.0001, lr: 5e-05
iteration: 10770, loss: 0.0032, scmap loss: 0.0030, locref loss: 0.0001, limb loss: 0.0001, lr: 5e-05
iteration: 10780, loss: 0.0026, scmap loss: 0.0024, locref loss: 0.0001, limb loss: 0.0001, lr: 5e-05
iteration: 10790, loss: 0.0029, scmap loss: 0.0027, locref loss: 0.0001, limb loss: 0.0001, lr: 5e-05
iteration: 10800, loss: 0.0028, scmap loss: 0.0027, locref loss: 0.0001, limb loss: 0.0001, lr: 5e-05
iteration: 10810, loss: 0.0028, scmap loss: 0.0026, locref loss: 0.0001, limb loss: 0.0001, lr: 5e-05
iteration: 10820, loss: 0.0025, scmap loss: 0.0023, locref loss: 0.0001, limb loss: 0.0001, lr: 5e-05
iteration: 10830, loss: 0.0032, scmap loss: 0.0030, locref loss: 0.0001, limb loss: 0.0001, lr: 5e-05
iteration: 10840, loss: 0.0039, scmap loss: 0.0037, locref loss: 0.0001, limb loss: 0.0001, lr: 5e-05
iteration: 10850, loss: 0.0028, scmap loss: 0.0026, locref loss: 0.0001, limb loss: 0.0001, lr: 5e-05
iteration: 10860, loss: 0.0028, scmap loss: 0.0026, locref loss: 0.0001, limb loss: 0.0001, lr: 5e-05
iteration: 10870, loss: 0.0032, scmap loss: 0.0030, locref loss: 0.0001, limb loss: 0.0001, lr: 5e-05
iteration: 10880, loss: 0.0030, scmap loss: 0.0028, locref loss: 0.0001, limb loss: 0.0001, lr: 5e-05
iteration: 10890, loss: 0.0028, scmap loss: 0.0026, locref loss: 0.0001, limb loss: 0.0001, lr: 5e-05
iteration: 10900, loss: 0.0028, scmap loss: 0.0026, locref loss: 0.0001, limb loss: 0.0001, lr: 5e-05
iteration: 10910, loss: 0.0029, scmap loss: 0.0027, locref loss: 0.0001, limb loss: 0.0001, lr: 5e-05
iteration: 10920, loss: 0.0026, scmap loss: 0.0024, locref loss: 0.0001, limb loss: 0.0001, lr: 5e-05
iteration: 10930, loss: 0.0029, scmap loss: 0.0027, locref loss: 0.0001, limb loss: 0.0001, lr: 5e-05
iteration: 10940, loss: 0.0029, scmap loss: 0.0027, locref loss: 0.0001, limb loss: 0.0002, lr: 5e-05
iteration: 10950, loss: 0.0029, scmap loss: 0.0027, locref loss: 0.0001, limb loss: 0.0001, lr: 5e-05
iteration: 10960, loss: 0.0032, scmap loss: 0.0030, locref loss: 0.0001, limb loss: 0.0001, lr: 5e-05
iteration: 10970, loss: 0.0029, scmap loss: 0.0027, locref loss: 0.0001, limb loss: 0.0001, lr: 5e-05
iteration: 10980, loss: 0.0029, scmap loss: 0.0027, locref loss: 0.0001, limb loss: 0.0001, lr: 5e-05
iteration: 10990, loss: 0.0025, scmap loss: 0.0023, locref loss: 0.0001, limb loss: 0.0001, lr: 5e-05
iteration: 11000, loss: 0.0030, scmap loss: 0.0028, locref loss: 0.0001, limb loss: 0.0001, lr: 5e-05
iteration: 11010, loss: 0.0029, scmap loss: 0.0028, locref loss: 0.0001, limb loss: 0.0001, lr: 5e-05
iteration: 11020, loss: 0.0029, scmap loss: 0.0027, locref loss: 0.0001, limb loss: 0.0001, lr: 5e-05
iteration: 11030, loss: 0.0025, scmap loss: 0.0023, locref loss: 0.0001, limb loss: 0.0001, lr: 5e-05
iteration: 11040, loss: 0.0030, scmap loss: 0.0028, locref loss: 0.0001, limb loss: 0.0001, lr: 5e-05
iteration: 11050, loss: 0.0027, scmap loss: 0.0026, locref loss: 0.0001, limb loss: 0.0001, lr: 5e-05
iteration: 11060, loss: 0.0026, scmap loss: 0.0024, locref loss: 0.0001, limb loss: 0.0001, lr: 5e-05
iteration: 11070, loss: 0.0027, scmap loss: 0.0025, locref loss: 0.0001, limb loss: 0.0001, lr: 5e-05
iteration: 11080, loss: 0.0025, scmap loss: 0.0023, locref loss: 0.0001, limb loss: 0.0001, lr: 5e-05
iteration: 11090, loss: 0.0030, scmap loss: 0.0029, locref loss: 0.0001, limb loss: 0.0001, lr: 5e-05
iteration: 11100, loss: 0.0026, scmap loss: 0.0025, locref loss: 0.0001, limb loss: 0.0001, lr: 5e-05
iteration: 11110, loss: 0.0030, scmap loss: 0.0028, locref loss: 0.0001, limb loss: 0.0001, lr: 5e-05
iteration: 11120, loss: 0.0030, scmap loss: 0.0028, locref loss: 0.0001, limb loss: 0.0001, lr: 5e-05
iteration: 11130, loss: 0.0030, scmap loss: 0.0028, locref loss: 0.0001, limb loss: 0.0001, lr: 5e-05
iteration: 11140, loss: 0.0035, scmap loss: 0.0033, locref loss: 0.0001, limb loss: 0.0001, lr: 5e-05
iteration: 11150, loss: 0.0029, scmap loss: 0.0027, locref loss: 0.0001, limb loss: 0.0001, lr: 5e-05
iteration: 11160, loss: 0.0026, scmap loss: 0.0025, locref loss: 0.0001, limb loss: 0.0001, lr: 5e-05
iteration: 11170, loss: 0.0029, scmap loss: 0.0027, locref loss: 0.0001, limb loss: 0.0001, lr: 5e-05
iteration: 11180, loss: 0.0027, scmap loss: 0.0025, locref loss: 0.0001, limb loss: 0.0001, lr: 5e-05
iteration: 11190, loss: 0.0030, scmap loss: 0.0029, locref loss: 0.0001, limb loss: 0.0001, lr: 5e-05
iteration: 11200, loss: 0.0028, scmap loss: 0.0026, locref loss: 0.0001, limb loss: 0.0001, lr: 5e-05
iteration: 11210, loss: 0.0025, scmap loss: 0.0024, locref loss: 0.0001, limb loss: 0.0001, lr: 5e-05
iteration: 11220, loss: 0.0031, scmap loss: 0.0029, locref loss: 0.0001, limb loss: 0.0001, lr: 5e-05
iteration: 11230, loss: 0.0031, scmap loss: 0.0029, locref loss: 0.0001, limb loss: 0.0001, lr: 5e-05
iteration: 11240, loss: 0.0027, scmap loss: 0.0025, locref loss: 0.0001, limb loss: 0.0001, lr: 5e-05
iteration: 11250, loss: 0.0025, scmap loss: 0.0023, locref loss: 0.0001, limb loss: 0.0001, lr: 5e-05
iteration: 11260, loss: 0.0027, scmap loss: 0.0025, locref loss: 0.0001, limb loss: 0.0001, lr: 5e-05
iteration: 11270, loss: 0.0025, scmap loss: 0.0023, locref loss: 0.0001, limb loss: 0.0001, lr: 5e-05
iteration: 11280, loss: 0.0026, scmap loss: 0.0024, locref loss: 0.0001, limb loss: 0.0001, lr: 5e-05
iteration: 11290, loss: 0.0025, scmap loss: 0.0024, locref loss: 0.0001, limb loss: 0.0001, lr: 5e-05
iteration: 11300, loss: 0.0025, scmap loss: 0.0023, locref loss: 0.0001, limb loss: 0.0001, lr: 5e-05
iteration: 11310, loss: 0.0031, scmap loss: 0.0030, locref loss: 0.0001, limb loss: 0.0001, lr: 5e-05
iteration: 11320, loss: 0.0026, scmap loss: 0.0024, locref loss: 0.0001, limb loss: 0.0001, lr: 5e-05
iteration: 11330, loss: 0.0025, scmap loss: 0.0023, locref loss: 0.0001, limb loss: 0.0001, lr: 5e-05
iteration: 11340, loss: 0.0027, scmap loss: 0.0025, locref loss: 0.0001, limb loss: 0.0001, lr: 5e-05
iteration: 11350, loss: 0.0028, scmap loss: 0.0027, locref loss: 0.0001, limb loss: 0.0001, lr: 5e-05
iteration: 11360, loss: 0.0025, scmap loss: 0.0023, locref loss: 0.0001, limb loss: 0.0001, lr: 5e-05
iteration: 11370, loss: 0.0022, scmap loss: 0.0020, locref loss: 0.0001, limb loss: 0.0001, lr: 5e-05
iteration: 11380, loss: 0.0029, scmap loss: 0.0027, locref loss: 0.0001, limb loss: 0.0001, lr: 5e-05
iteration: 11390, loss: 0.0029, scmap loss: 0.0027, locref loss: 0.0001, limb loss: 0.0001, lr: 5e-05
iteration: 11400, loss: 0.0030, scmap loss: 0.0028, locref loss: 0.0001, limb loss: 0.0001, lr: 5e-05
iteration: 11410, loss: 0.0030, scmap loss: 0.0028, locref loss: 0.0001, limb loss: 0.0001, lr: 5e-05
iteration: 11420, loss: 0.0029, scmap loss: 0.0027, locref loss: 0.0001, limb loss: 0.0001, lr: 5e-05
iteration: 11430, loss: 0.0028, scmap loss: 0.0026, locref loss: 0.0001, limb loss: 0.0001, lr: 5e-05
iteration: 11440, loss: 0.0027, scmap loss: 0.0025, locref loss: 0.0001, limb loss: 0.0001, lr: 5e-05
iteration: 11450, loss: 0.0024, scmap loss: 0.0022, locref loss: 0.0001, limb loss: 0.0001, lr: 5e-05
iteration: 11460, loss: 0.0029, scmap loss: 0.0027, locref loss: 0.0001, limb loss: 0.0001, lr: 5e-05
iteration: 11470, loss: 0.0023, scmap loss: 0.0022, locref loss: 0.0001, limb loss: 0.0001, lr: 5e-05
iteration: 11480, loss: 0.0025, scmap loss: 0.0024, locref loss: 0.0001, limb loss: 0.0001, lr: 5e-05
iteration: 11490, loss: 0.0027, scmap loss: 0.0025, locref loss: 0.0001, limb loss: 0.0001, lr: 5e-05
iteration: 11500, loss: 0.0026, scmap loss: 0.0024, locref loss: 0.0001, limb loss: 0.0001, lr: 5e-05
iteration: 11510, loss: 0.0026, scmap loss: 0.0024, locref loss: 0.0001, limb loss: 0.0001, lr: 5e-05
iteration: 11520, loss: 0.0026, scmap loss: 0.0024, locref loss: 0.0001, limb loss: 0.0001, lr: 5e-05
iteration: 11530, loss: 0.0030, scmap loss: 0.0029, locref loss: 0.0001, limb loss: 0.0001, lr: 5e-05
iteration: 11540, loss: 0.0028, scmap loss: 0.0026, locref loss: 0.0001, limb loss: 0.0001, lr: 5e-05
iteration: 11550, loss: 0.0032, scmap loss: 0.0030, locref loss: 0.0001, limb loss: 0.0001, lr: 5e-05
iteration: 11560, loss: 0.0030, scmap loss: 0.0029, locref loss: 0.0001, limb loss: 0.0001, lr: 5e-05
iteration: 11570, loss: 0.0030, scmap loss: 0.0028, locref loss: 0.0001, limb loss: 0.0002, lr: 5e-05
iteration: 11580, loss: 0.0025, scmap loss: 0.0023, locref loss: 0.0001, limb loss: 0.0002, lr: 5e-05
iteration: 11590, loss: 0.0029, scmap loss: 0.0027, locref loss: 0.0001, limb loss: 0.0001, lr: 5e-05
iteration: 11600, loss: 0.0027, scmap loss: 0.0025, locref loss: 0.0001, limb loss: 0.0001, lr: 5e-05
iteration: 11610, loss: 0.0027, scmap loss: 0.0025, locref loss: 0.0001, limb loss: 0.0001, lr: 5e-05
iteration: 11620, loss: 0.0023, scmap loss: 0.0021, locref loss: 0.0001, limb loss: 0.0001, lr: 5e-05
iteration: 11630, loss: 0.0028, scmap loss: 0.0026, locref loss: 0.0001, limb loss: 0.0001, lr: 5e-05
iteration: 11640, loss: 0.0029, scmap loss: 0.0027, locref loss: 0.0001, limb loss: 0.0001, lr: 5e-05
iteration: 11650, loss: 0.0025, scmap loss: 0.0023, locref loss: 0.0001, limb loss: 0.0001, lr: 5e-05
iteration: 11660, loss: 0.0027, scmap loss: 0.0026, locref loss: 0.0001, limb loss: 0.0001, lr: 5e-05
iteration: 11670, loss: 0.0027, scmap loss: 0.0025, locref loss: 0.0001, limb loss: 0.0001, lr: 5e-05
iteration: 11680, loss: 0.0027, scmap loss: 0.0025, locref loss: 0.0001, limb loss: 0.0001, lr: 5e-05
iteration: 11690, loss: 0.0024, scmap loss: 0.0023, locref loss: 0.0001, limb loss: 0.0001, lr: 5e-05
iteration: 11700, loss: 0.0027, scmap loss: 0.0025, locref loss: 0.0001, limb loss: 0.0001, lr: 5e-05
iteration: 11710, loss: 0.0025, scmap loss: 0.0023, locref loss: 0.0001, limb loss: 0.0001, lr: 5e-05
iteration: 11720, loss: 0.0029, scmap loss: 0.0027, locref loss: 0.0001, limb loss: 0.0001, lr: 5e-05
iteration: 11730, loss: 0.0027, scmap loss: 0.0025, locref loss: 0.0001, limb loss: 0.0001, lr: 5e-05
iteration: 11740, loss: 0.0034, scmap loss: 0.0032, locref loss: 0.0001, limb loss: 0.0001, lr: 5e-05
iteration: 11750, loss: 0.0028, scmap loss: 0.0027, locref loss: 0.0001, limb loss: 0.0001, lr: 5e-05
iteration: 11760, loss: 0.0026, scmap loss: 0.0024, locref loss: 0.0001, limb loss: 0.0001, lr: 5e-05
iteration: 11770, loss: 0.0024, scmap loss: 0.0023, locref loss: 0.0001, limb loss: 0.0001, lr: 5e-05
iteration: 11780, loss: 0.0027, scmap loss: 0.0025, locref loss: 0.0001, limb loss: 0.0001, lr: 5e-05
iteration: 11790, loss: 0.0028, scmap loss: 0.0027, locref loss: 0.0001, limb loss: 0.0001, lr: 5e-05
iteration: 11800, loss: 0.0028, scmap loss: 0.0026, locref loss: 0.0001, limb loss: 0.0001, lr: 5e-05
iteration: 11810, loss: 0.0022, scmap loss: 0.0021, locref loss: 0.0001, limb loss: 0.0001, lr: 5e-05
iteration: 11820, loss: 0.0024, scmap loss: 0.0023, locref loss: 0.0001, limb loss: 0.0001, lr: 5e-05
iteration: 11830, loss: 0.0023, scmap loss: 0.0022, locref loss: 0.0001, limb loss: 0.0001, lr: 5e-05
iteration: 11840, loss: 0.0025, scmap loss: 0.0023, locref loss: 0.0001, limb loss: 0.0001, lr: 5e-05
iteration: 11850, loss: 0.0029, scmap loss: 0.0027, locref loss: 0.0001, limb loss: 0.0001, lr: 5e-05
iteration: 11860, loss: 0.0026, scmap loss: 0.0025, locref loss: 0.0001, limb loss: 0.0001, lr: 5e-05
iteration: 11870, loss: 0.0028, scmap loss: 0.0026, locref loss: 0.0001, limb loss: 0.0001, lr: 5e-05
iteration: 11880, loss: 0.0025, scmap loss: 0.0024, locref loss: 0.0001, limb loss: 0.0001, lr: 5e-05
iteration: 11890, loss: 0.0029, scmap loss: 0.0028, locref loss: 0.0001, limb loss: 0.0001, lr: 5e-05
iteration: 11900, loss: 0.0036, scmap loss: 0.0034, locref loss: 0.0001, limb loss: 0.0001, lr: 5e-05
iteration: 11910, loss: 0.0040, scmap loss: 0.0038, locref loss: 0.0001, limb loss: 0.0001, lr: 5e-05
iteration: 11920, loss: 0.0028, scmap loss: 0.0026, locref loss: 0.0001, limb loss: 0.0001, lr: 5e-05
iteration: 11930, loss: 0.0035, scmap loss: 0.0033, locref loss: 0.0001, limb loss: 0.0001, lr: 5e-05
iteration: 11940, loss: 0.0032, scmap loss: 0.0030, locref loss: 0.0001, limb loss: 0.0001, lr: 5e-05
iteration: 11950, loss: 0.0034, scmap loss: 0.0033, locref loss: 0.0001, limb loss: 0.0001, lr: 5e-05
iteration: 11960, loss: 0.0029, scmap loss: 0.0028, locref loss: 0.0001, limb loss: 0.0001, lr: 5e-05
iteration: 11970, loss: 0.0028, scmap loss: 0.0026, locref loss: 0.0001, limb loss: 0.0001, lr: 5e-05
iteration: 11980, loss: 0.0026, scmap loss: 0.0025, locref loss: 0.0001, limb loss: 0.0001, lr: 5e-05
iteration: 11990, loss: 0.0029, scmap loss: 0.0027, locref loss: 0.0001, limb loss: 0.0001, lr: 5e-05
iteration: 12000, loss: 0.0028, scmap loss: 0.0027, locref loss: 0.0001, limb loss: 0.0001, lr: 5e-05
iteration: 12010, loss: 0.0027, scmap loss: 0.0025, locref loss: 0.0001, limb loss: 0.0001, lr: 1e-05
iteration: 12020, loss: 0.0027, scmap loss: 0.0025, locref loss: 0.0001, limb loss: 0.0001, lr: 1e-05
iteration: 12030, loss: 0.0024, scmap loss: 0.0022, locref loss: 0.0001, limb loss: 0.0001, lr: 1e-05
iteration: 12040, loss: 0.0024, scmap loss: 0.0023, locref loss: 0.0001, limb loss: 0.0001, lr: 1e-05
iteration: 12050, loss: 0.0029, scmap loss: 0.0027, locref loss: 0.0001, limb loss: 0.0001, lr: 1e-05
iteration: 12060, loss: 0.0022, scmap loss: 0.0021, locref loss: 0.0000, limb loss: 0.0001, lr: 1e-05
iteration: 12070, loss: 0.0025, scmap loss: 0.0024, locref loss: 0.0001, limb loss: 0.0001, lr: 1e-05
iteration: 12080, loss: 0.0027, scmap loss: 0.0025, locref loss: 0.0001, limb loss: 0.0001, lr: 1e-05
iteration: 12090, loss: 0.0026, scmap loss: 0.0024, locref loss: 0.0001, limb loss: 0.0001, lr: 1e-05
iteration: 12100, loss: 0.0021, scmap loss: 0.0020, locref loss: 0.0001, limb loss: 0.0001, lr: 1e-05
iteration: 12110, loss: 0.0024, scmap loss: 0.0022, locref loss: 0.0001, limb loss: 0.0001, lr: 1e-05
iteration: 12120, loss: 0.0026, scmap loss: 0.0024, locref loss: 0.0001, limb loss: 0.0001, lr: 1e-05
iteration: 12130, loss: 0.0020, scmap loss: 0.0018, locref loss: 0.0001, limb loss: 0.0001, lr: 1e-05
iteration: 12140, loss: 0.0029, scmap loss: 0.0027, locref loss: 0.0001, limb loss: 0.0001, lr: 1e-05
iteration: 12150, loss: 0.0022, scmap loss: 0.0020, locref loss: 0.0001, limb loss: 0.0001, lr: 1e-05
iteration: 12160, loss: 0.0023, scmap loss: 0.0021, locref loss: 0.0001, limb loss: 0.0001, lr: 1e-05
iteration: 12170, loss: 0.0025, scmap loss: 0.0024, locref loss: 0.0001, limb loss: 0.0001, lr: 1e-05
iteration: 12180, loss: 0.0023, scmap loss: 0.0021, locref loss: 0.0001, limb loss: 0.0001, lr: 1e-05
iteration: 12190, loss: 0.0022, scmap loss: 0.0020, locref loss: 0.0001, limb loss: 0.0001, lr: 1e-05
iteration: 12200, loss: 0.0027, scmap loss: 0.0025, locref loss: 0.0001, limb loss: 0.0001, lr: 1e-05
iteration: 12210, loss: 0.0022, scmap loss: 0.0021, locref loss: 0.0001, limb loss: 0.0001, lr: 1e-05
iteration: 12220, loss: 0.0025, scmap loss: 0.0024, locref loss: 0.0001, limb loss: 0.0001, lr: 1e-05
iteration: 12230, loss: 0.0024, scmap loss: 0.0022, locref loss: 0.0001, limb loss: 0.0001, lr: 1e-05
iteration: 12240, loss: 0.0028, scmap loss: 0.0027, locref loss: 0.0001, limb loss: 0.0001, lr: 1e-05
iteration: 12250, loss: 0.0024, scmap loss: 0.0022, locref loss: 0.0001, limb loss: 0.0001, lr: 1e-05
iteration: 12260, loss: 0.0025, scmap loss: 0.0023, locref loss: 0.0001, limb loss: 0.0001, lr: 1e-05
iteration: 12270, loss: 0.0023, scmap loss: 0.0022, locref loss: 0.0001, limb loss: 0.0001, lr: 1e-05
iteration: 12280, loss: 0.0026, scmap loss: 0.0025, locref loss: 0.0001, limb loss: 0.0001, lr: 1e-05
iteration: 12290, loss: 0.0024, scmap loss: 0.0023, locref loss: 0.0001, limb loss: 0.0001, lr: 1e-05
iteration: 12300, loss: 0.0024, scmap loss: 0.0022, locref loss: 0.0001, limb loss: 0.0001, lr: 1e-05
iteration: 12310, loss: 0.0027, scmap loss: 0.0025, locref loss: 0.0001, limb loss: 0.0001, lr: 1e-05
iteration: 12320, loss: 0.0022, scmap loss: 0.0020, locref loss: 0.0001, limb loss: 0.0001, lr: 1e-05
iteration: 12330, loss: 0.0025, scmap loss: 0.0023, locref loss: 0.0001, limb loss: 0.0001, lr: 1e-05
iteration: 12340, loss: 0.0024, scmap loss: 0.0022, locref loss: 0.0001, limb loss: 0.0001, lr: 1e-05
iteration: 12350, loss: 0.0022, scmap loss: 0.0021, locref loss: 0.0001, limb loss: 0.0001, lr: 1e-05
iteration: 12360, loss: 0.0026, scmap loss: 0.0025, locref loss: 0.0001, limb loss: 0.0001, lr: 1e-05
iteration: 12370, loss: 0.0022, scmap loss: 0.0021, locref loss: 0.0001, limb loss: 0.0001, lr: 1e-05
iteration: 12380, loss: 0.0024, scmap loss: 0.0023, locref loss: 0.0001, limb loss: 0.0001, lr: 1e-05
iteration: 12390, loss: 0.0027, scmap loss: 0.0025, locref loss: 0.0001, limb loss: 0.0001, lr: 1e-05
iteration: 12400, loss: 0.0021, scmap loss: 0.0020, locref loss: 0.0001, limb loss: 0.0001, lr: 1e-05
iteration: 12410, loss: 0.0025, scmap loss: 0.0023, locref loss: 0.0001, limb loss: 0.0001, lr: 1e-05
iteration: 12420, loss: 0.0026, scmap loss: 0.0025, locref loss: 0.0001, limb loss: 0.0001, lr: 1e-05
iteration: 12430, loss: 0.0021, scmap loss: 0.0020, locref loss: 0.0001, limb loss: 0.0001, lr: 1e-05
iteration: 12440, loss: 0.0023, scmap loss: 0.0021, locref loss: 0.0001, limb loss: 0.0001, lr: 1e-05
iteration: 12450, loss: 0.0026, scmap loss: 0.0024, locref loss: 0.0001, limb loss: 0.0001, lr: 1e-05
iteration: 12460, loss: 0.0024, scmap loss: 0.0023, locref loss: 0.0001, limb loss: 0.0001, lr: 1e-05
iteration: 12470, loss: 0.0024, scmap loss: 0.0022, locref loss: 0.0001, limb loss: 0.0001, lr: 1e-05
iteration: 12480, loss: 0.0023, scmap loss: 0.0021, locref loss: 0.0001, limb loss: 0.0001, lr: 1e-05
iteration: 12490, loss: 0.0024, scmap loss: 0.0022, locref loss: 0.0001, limb loss: 0.0001, lr: 1e-05
iteration: 12500, loss: 0.0024, scmap loss: 0.0022, locref loss: 0.0001, limb loss: 0.0001, lr: 1e-05
iteration: 12510, loss: 0.0025, scmap loss: 0.0023, locref loss: 0.0001, limb loss: 0.0001, lr: 1e-05
iteration: 12520, loss: 0.0024, scmap loss: 0.0022, locref loss: 0.0001, limb loss: 0.0001, lr: 1e-05
iteration: 12530, loss: 0.0027, scmap loss: 0.0026, locref loss: 0.0001, limb loss: 0.0001, lr: 1e-05
iteration: 12540, loss: 0.0022, scmap loss: 0.0021, locref loss: 0.0001, limb loss: 0.0001, lr: 1e-05
iteration: 12550, loss: 0.0023, scmap loss: 0.0022, locref loss: 0.0001, limb loss: 0.0001, lr: 1e-05
iteration: 12560, loss: 0.0022, scmap loss: 0.0020, locref loss: 0.0001, limb loss: 0.0001, lr: 1e-05
iteration: 12570, loss: 0.0027, scmap loss: 0.0025, locref loss: 0.0001, limb loss: 0.0001, lr: 1e-05
iteration: 12580, loss: 0.0024, scmap loss: 0.0022, locref loss: 0.0001, limb loss: 0.0001, lr: 1e-05
iteration: 12590, loss: 0.0023, scmap loss: 0.0022, locref loss: 0.0001, limb loss: 0.0001, lr: 1e-05
iteration: 12600, loss: 0.0023, scmap loss: 0.0022, locref loss: 0.0001, limb loss: 0.0001, lr: 1e-05
iteration: 12610, loss: 0.0018, scmap loss: 0.0017, locref loss: 0.0001, limb loss: 0.0001, lr: 1e-05
iteration: 12620, loss: 0.0025, scmap loss: 0.0023, locref loss: 0.0001, limb loss: 0.0001, lr: 1e-05
iteration: 12630, loss: 0.0024, scmap loss: 0.0022, locref loss: 0.0001, limb loss: 0.0001, lr: 1e-05
iteration: 12640, loss: 0.0021, scmap loss: 0.0019, locref loss: 0.0001, limb loss: 0.0001, lr: 1e-05
iteration: 12650, loss: 0.0027, scmap loss: 0.0024, locref loss: 0.0001, limb loss: 0.0002, lr: 1e-05
iteration: 12660, loss: 0.0019, scmap loss: 0.0018, locref loss: 0.0001, limb loss: 0.0001, lr: 1e-05
iteration: 12670, loss: 0.0023, scmap loss: 0.0021, locref loss: 0.0001, limb loss: 0.0001, lr: 1e-05
iteration: 12680, loss: 0.0021, scmap loss: 0.0019, locref loss: 0.0001, limb loss: 0.0001, lr: 1e-05
iteration: 12690, loss: 0.0022, scmap loss: 0.0020, locref loss: 0.0001, limb loss: 0.0001, lr: 1e-05
iteration: 12700, loss: 0.0021, scmap loss: 0.0019, locref loss: 0.0001, limb loss: 0.0001, lr: 1e-05
iteration: 12710, loss: 0.0028, scmap loss: 0.0026, locref loss: 0.0001, limb loss: 0.0001, lr: 1e-05
iteration: 12720, loss: 0.0021, scmap loss: 0.0019, locref loss: 0.0001, limb loss: 0.0001, lr: 1e-05
iteration: 12730, loss: 0.0022, scmap loss: 0.0020, locref loss: 0.0001, limb loss: 0.0001, lr: 1e-05
iteration: 12740, loss: 0.0024, scmap loss: 0.0022, locref loss: 0.0001, limb loss: 0.0001, lr: 1e-05
iteration: 12750, loss: 0.0023, scmap loss: 0.0021, locref loss: 0.0001, limb loss: 0.0001, lr: 1e-05
iteration: 12760, loss: 0.0020, scmap loss: 0.0018, locref loss: 0.0001, limb loss: 0.0001, lr: 1e-05
iteration: 12770, loss: 0.0022, scmap loss: 0.0020, locref loss: 0.0001, limb loss: 0.0001, lr: 1e-05
iteration: 12780, loss: 0.0021, scmap loss: 0.0019, locref loss: 0.0001, limb loss: 0.0001, lr: 1e-05
iteration: 12790, loss: 0.0021, scmap loss: 0.0020, locref loss: 0.0001, limb loss: 0.0001, lr: 1e-05
iteration: 12800, loss: 0.0021, scmap loss: 0.0020, locref loss: 0.0001, limb loss: 0.0001, lr: 1e-05
iteration: 12810, loss: 0.0021, scmap loss: 0.0020, locref loss: 0.0001, limb loss: 0.0001, lr: 1e-05
iteration: 12820, loss: 0.0027, scmap loss: 0.0025, locref loss: 0.0001, limb loss: 0.0001, lr: 1e-05
iteration: 12830, loss: 0.0022, scmap loss: 0.0020, locref loss: 0.0001, limb loss: 0.0001, lr: 1e-05
iteration: 12840, loss: 0.0021, scmap loss: 0.0019, locref loss: 0.0001, limb loss: 0.0001, lr: 1e-05
iteration: 12850, loss: 0.0024, scmap loss: 0.0022, locref loss: 0.0001, limb loss: 0.0001, lr: 1e-05
iteration: 12860, loss: 0.0021, scmap loss: 0.0020, locref loss: 0.0001, limb loss: 0.0001, lr: 1e-05
iteration: 12870, loss: 0.0020, scmap loss: 0.0019, locref loss: 0.0001, limb loss: 0.0001, lr: 1e-05
iteration: 12880, loss: 0.0030, scmap loss: 0.0028, locref loss: 0.0001, limb loss: 0.0001, lr: 1e-05
iteration: 12890, loss: 0.0023, scmap loss: 0.0021, locref loss: 0.0001, limb loss: 0.0001, lr: 1e-05
iteration: 12900, loss: 0.0020, scmap loss: 0.0018, locref loss: 0.0001, limb loss: 0.0001, lr: 1e-05
iteration: 12910, loss: 0.0023, scmap loss: 0.0022, locref loss: 0.0001, limb loss: 0.0001, lr: 1e-05
iteration: 12920, loss: 0.0023, scmap loss: 0.0022, locref loss: 0.0001, limb loss: 0.0001, lr: 1e-05
iteration: 12930, loss: 0.0022, scmap loss: 0.0021, locref loss: 0.0001, limb loss: 0.0001, lr: 1e-05
iteration: 12940, loss: 0.0025, scmap loss: 0.0024, locref loss: 0.0001, limb loss: 0.0001, lr: 1e-05
iteration: 12950, loss: 0.0023, scmap loss: 0.0022, locref loss: 0.0001, limb loss: 0.0001, lr: 1e-05
iteration: 12960, loss: 0.0023, scmap loss: 0.0022, locref loss: 0.0001, limb loss: 0.0001, lr: 1e-05
iteration: 12970, loss: 0.0019, scmap loss: 0.0017, locref loss: 0.0001, limb loss: 0.0001, lr: 1e-05
iteration: 12980, loss: 0.0022, scmap loss: 0.0020, locref loss: 0.0001, limb loss: 0.0001, lr: 1e-05
iteration: 12990, loss: 0.0023, scmap loss: 0.0021, locref loss: 0.0001, limb loss: 0.0001, lr: 1e-05
iteration: 13000, loss: 0.0025, scmap loss: 0.0024, locref loss: 0.0001, limb loss: 0.0001, lr: 1e-05
iteration: 13010, loss: 0.0023, scmap loss: 0.0021, locref loss: 0.0001, limb loss: 0.0001, lr: 1e-05
iteration: 13020, loss: 0.0023, scmap loss: 0.0021, locref loss: 0.0001, limb loss: 0.0001, lr: 1e-05
iteration: 13030, loss: 0.0019, scmap loss: 0.0017, locref loss: 0.0001, limb loss: 0.0001, lr: 1e-05
iteration: 13040, loss: 0.0022, scmap loss: 0.0020, locref loss: 0.0001, limb loss: 0.0001, lr: 1e-05
iteration: 13050, loss: 0.0020, scmap loss: 0.0019, locref loss: 0.0001, limb loss: 0.0001, lr: 1e-05
iteration: 13060, loss: 0.0022, scmap loss: 0.0020, locref loss: 0.0001, limb loss: 0.0001, lr: 1e-05
iteration: 13070, loss: 0.0021, scmap loss: 0.0019, locref loss: 0.0001, limb loss: 0.0001, lr: 1e-05
iteration: 13080, loss: 0.0025, scmap loss: 0.0023, locref loss: 0.0001, limb loss: 0.0001, lr: 1e-05
iteration: 13090, loss: 0.0018, scmap loss: 0.0017, locref loss: 0.0000, limb loss: 0.0001, lr: 1e-05
iteration: 13100, loss: 0.0022, scmap loss: 0.0020, locref loss: 0.0001, limb loss: 0.0001, lr: 1e-05
iteration: 13110, loss: 0.0022, scmap loss: 0.0020, locref loss: 0.0001, limb loss: 0.0001, lr: 1e-05
iteration: 13120, loss: 0.0025, scmap loss: 0.0024, locref loss: 0.0001, limb loss: 0.0001, lr: 1e-05
iteration: 13130, loss: 0.0017, scmap loss: 0.0016, locref loss: 0.0001, limb loss: 0.0001, lr: 1e-05
iteration: 13140, loss: 0.0025, scmap loss: 0.0023, locref loss: 0.0001, limb loss: 0.0001, lr: 1e-05
iteration: 13150, loss: 0.0019, scmap loss: 0.0017, locref loss: 0.0001, limb loss: 0.0001, lr: 1e-05
iteration: 13160, loss: 0.0021, scmap loss: 0.0019, locref loss: 0.0001, limb loss: 0.0001, lr: 1e-05
iteration: 13170, loss: 0.0021, scmap loss: 0.0020, locref loss: 0.0001, limb loss: 0.0001, lr: 1e-05
iteration: 13180, loss: 0.0020, scmap loss: 0.0019, locref loss: 0.0001, limb loss: 0.0001, lr: 1e-05
iteration: 13190, loss: 0.0023, scmap loss: 0.0021, locref loss: 0.0001, limb loss: 0.0001, lr: 1e-05
iteration: 13200, loss: 0.0021, scmap loss: 0.0019, locref loss: 0.0001, limb loss: 0.0001, lr: 1e-05
iteration: 13210, loss: 0.0024, scmap loss: 0.0022, locref loss: 0.0001, limb loss: 0.0001, lr: 1e-05
iteration: 13220, loss: 0.0023, scmap loss: 0.0021, locref loss: 0.0001, limb loss: 0.0001, lr: 1e-05
iteration: 13230, loss: 0.0020, scmap loss: 0.0019, locref loss: 0.0001, limb loss: 0.0001, lr: 1e-05
iteration: 13240, loss: 0.0021, scmap loss: 0.0020, locref loss: 0.0001, limb loss: 0.0001, lr: 1e-05
iteration: 13250, loss: 0.0022, scmap loss: 0.0021, locref loss: 0.0001, limb loss: 0.0001, lr: 1e-05
iteration: 13260, loss: 0.0024, scmap loss: 0.0022, locref loss: 0.0001, limb loss: 0.0001, lr: 1e-05
iteration: 13270, loss: 0.0019, scmap loss: 0.0018, locref loss: 0.0001, limb loss: 0.0001, lr: 1e-05
iteration: 13280, loss: 0.0023, scmap loss: 0.0021, locref loss: 0.0001, limb loss: 0.0001, lr: 1e-05
iteration: 13290, loss: 0.0023, scmap loss: 0.0021, locref loss: 0.0001, limb loss: 0.0001, lr: 1e-05
iteration: 13300, loss: 0.0024, scmap loss: 0.0023, locref loss: 0.0001, limb loss: 0.0001, lr: 1e-05
iteration: 13310, loss: 0.0023, scmap loss: 0.0021, locref loss: 0.0001, limb loss: 0.0001, lr: 1e-05
iteration: 13320, loss: 0.0025, scmap loss: 0.0024, locref loss: 0.0001, limb loss: 0.0001, lr: 1e-05
iteration: 13330, loss: 0.0021, scmap loss: 0.0019, locref loss: 0.0001, limb loss: 0.0001, lr: 1e-05
iteration: 13340, loss: 0.0023, scmap loss: 0.0022, locref loss: 0.0001, limb loss: 0.0001, lr: 1e-05
iteration: 13350, loss: 0.0020, scmap loss: 0.0018, locref loss: 0.0001, limb loss: 0.0001, lr: 1e-05
iteration: 13360, loss: 0.0019, scmap loss: 0.0017, locref loss: 0.0001, limb loss: 0.0001, lr: 1e-05
iteration: 13370, loss: 0.0019, scmap loss: 0.0018, locref loss: 0.0001, limb loss: 0.0001, lr: 1e-05
iteration: 13380, loss: 0.0021, scmap loss: 0.0020, locref loss: 0.0001, limb loss: 0.0001, lr: 1e-05
iteration: 13390, loss: 0.0021, scmap loss: 0.0020, locref loss: 0.0001, limb loss: 0.0001, lr: 1e-05
iteration: 13400, loss: 0.0021, scmap loss: 0.0019, locref loss: 0.0001, limb loss: 0.0001, lr: 1e-05
iteration: 13410, loss: 0.0022, scmap loss: 0.0021, locref loss: 0.0001, limb loss: 0.0001, lr: 1e-05
iteration: 13420, loss: 0.0020, scmap loss: 0.0018, locref loss: 0.0001, limb loss: 0.0001, lr: 1e-05
iteration: 13430, loss: 0.0024, scmap loss: 0.0022, locref loss: 0.0001, limb loss: 0.0001, lr: 1e-05
iteration: 13440, loss: 0.0022, scmap loss: 0.0021, locref loss: 0.0001, limb loss: 0.0001, lr: 1e-05
iteration: 13450, loss: 0.0019, scmap loss: 0.0018, locref loss: 0.0001, limb loss: 0.0001, lr: 1e-05
iteration: 13460, loss: 0.0023, scmap loss: 0.0022, locref loss: 0.0001, limb loss: 0.0001, lr: 1e-05
iteration: 13470, loss: 0.0023, scmap loss: 0.0021, locref loss: 0.0001, limb loss: 0.0001, lr: 1e-05
iteration: 13480, loss: 0.0022, scmap loss: 0.0020, locref loss: 0.0001, limb loss: 0.0001, lr: 1e-05
iteration: 13490, loss: 0.0021, scmap loss: 0.0019, locref loss: 0.0001, limb loss: 0.0001, lr: 1e-05
iteration: 13500, loss: 0.0022, scmap loss: 0.0020, locref loss: 0.0001, limb loss: 0.0001, lr: 1e-05
iteration: 13510, loss: 0.0021, scmap loss: 0.0020, locref loss: 0.0001, limb loss: 0.0001, lr: 1e-05
iteration: 13520, loss: 0.0021, scmap loss: 0.0020, locref loss: 0.0001, limb loss: 0.0001, lr: 1e-05
iteration: 13530, loss: 0.0023, scmap loss: 0.0021, locref loss: 0.0001, limb loss: 0.0001, lr: 1e-05
iteration: 13540, loss: 0.0021, scmap loss: 0.0020, locref loss: 0.0001, limb loss: 0.0001, lr: 1e-05
iteration: 13550, loss: 0.0016, scmap loss: 0.0015, locref loss: 0.0000, limb loss: 0.0001, lr: 1e-05
iteration: 13560, loss: 0.0021, scmap loss: 0.0019, locref loss: 0.0001, limb loss: 0.0001, lr: 1e-05
iteration: 13570, loss: 0.0022, scmap loss: 0.0020, locref loss: 0.0001, limb loss: 0.0001, lr: 1e-05
iteration: 13580, loss: 0.0027, scmap loss: 0.0025, locref loss: 0.0001, limb loss: 0.0001, lr: 1e-05
iteration: 13590, loss: 0.0021, scmap loss: 0.0020, locref loss: 0.0001, limb loss: 0.0001, lr: 1e-05
iteration: 13600, loss: 0.0021, scmap loss: 0.0019, locref loss: 0.0001, limb loss: 0.0001, lr: 1e-05
iteration: 13610, loss: 0.0026, scmap loss: 0.0025, locref loss: 0.0001, limb loss: 0.0001, lr: 1e-05
iteration: 13620, loss: 0.0021, scmap loss: 0.0019, locref loss: 0.0001, limb loss: 0.0001, lr: 1e-05
iteration: 13630, loss: 0.0020, scmap loss: 0.0018, locref loss: 0.0001, limb loss: 0.0001, lr: 1e-05
iteration: 13640, loss: 0.0022, scmap loss: 0.0020, locref loss: 0.0001, limb loss: 0.0001, lr: 1e-05
iteration: 13650, loss: 0.0025, scmap loss: 0.0023, locref loss: 0.0001, limb loss: 0.0001, lr: 1e-05
iteration: 13660, loss: 0.0025, scmap loss: 0.0023, locref loss: 0.0001, limb loss: 0.0001, lr: 1e-05
iteration: 13670, loss: 0.0021, scmap loss: 0.0019, locref loss: 0.0001, limb loss: 0.0001, lr: 1e-05
iteration: 13680, loss: 0.0020, scmap loss: 0.0019, locref loss: 0.0001, limb loss: 0.0001, lr: 1e-05
iteration: 13690, loss: 0.0019, scmap loss: 0.0018, locref loss: 0.0001, limb loss: 0.0001, lr: 1e-05
iteration: 13700, loss: 0.0021, scmap loss: 0.0019, locref loss: 0.0001, limb loss: 0.0001, lr: 1e-05
iteration: 13710, loss: 0.0022, scmap loss: 0.0021, locref loss: 0.0001, limb loss: 0.0001, lr: 1e-05
iteration: 13720, loss: 0.0024, scmap loss: 0.0023, locref loss: 0.0001, limb loss: 0.0001, lr: 1e-05
iteration: 13730, loss: 0.0024, scmap loss: 0.0022, locref loss: 0.0001, limb loss: 0.0001, lr: 1e-05
iteration: 13740, loss: 0.0022, scmap loss: 0.0021, locref loss: 0.0001, limb loss: 0.0001, lr: 1e-05
iteration: 13750, loss: 0.0023, scmap loss: 0.0022, locref loss: 0.0001, limb loss: 0.0001, lr: 1e-05
iteration: 13760, loss: 0.0021, scmap loss: 0.0019, locref loss: 0.0001, limb loss: 0.0001, lr: 1e-05
iteration: 13770, loss: 0.0020, scmap loss: 0.0018, locref loss: 0.0001, limb loss: 0.0001, lr: 1e-05
iteration: 13780, loss: 0.0020, scmap loss: 0.0019, locref loss: 0.0001, limb loss: 0.0001, lr: 1e-05
iteration: 13790, loss: 0.0020, scmap loss: 0.0019, locref loss: 0.0001, limb loss: 0.0001, lr: 1e-05
iteration: 13800, loss: 0.0020, scmap loss: 0.0019, locref loss: 0.0001, limb loss: 0.0001, lr: 1e-05
iteration: 13810, loss: 0.0025, scmap loss: 0.0023, locref loss: 0.0001, limb loss: 0.0001, lr: 1e-05
iteration: 13820, loss: 0.0023, scmap loss: 0.0021, locref loss: 0.0001, limb loss: 0.0001, lr: 1e-05
iteration: 13830, loss: 0.0024, scmap loss: 0.0022, locref loss: 0.0001, limb loss: 0.0001, lr: 1e-05
iteration: 13840, loss: 0.0019, scmap loss: 0.0018, locref loss: 0.0001, limb loss: 0.0001, lr: 1e-05
iteration: 13850, loss: 0.0020, scmap loss: 0.0019, locref loss: 0.0001, limb loss: 0.0001, lr: 1e-05
iteration: 13860, loss: 0.0022, scmap loss: 0.0021, locref loss: 0.0001, limb loss: 0.0001, lr: 1e-05
iteration: 13870, loss: 0.0022, scmap loss: 0.0020, locref loss: 0.0001, limb loss: 0.0001, lr: 1e-05
iteration: 13880, loss: 0.0021, scmap loss: 0.0019, locref loss: 0.0001, limb loss: 0.0001, lr: 1e-05
iteration: 13890, loss: 0.0025, scmap loss: 0.0024, locref loss: 0.0001, limb loss: 0.0001, lr: 1e-05
iteration: 13900, loss: 0.0022, scmap loss: 0.0020, locref loss: 0.0001, limb loss: 0.0001, lr: 1e-05
iteration: 13910, loss: 0.0021, scmap loss: 0.0019, locref loss: 0.0001, limb loss: 0.0001, lr: 1e-05
iteration: 13920, loss: 0.0020, scmap loss: 0.0018, locref loss: 0.0001, limb loss: 0.0001, lr: 1e-05
iteration: 13930, loss: 0.0025, scmap loss: 0.0023, locref loss: 0.0001, limb loss: 0.0001, lr: 1e-05
iteration: 13940, loss: 0.0024, scmap loss: 0.0022, locref loss: 0.0001, limb loss: 0.0001, lr: 1e-05
iteration: 13950, loss: 0.0020, scmap loss: 0.0019, locref loss: 0.0001, limb loss: 0.0001, lr: 1e-05
iteration: 13960, loss: 0.0021, scmap loss: 0.0019, locref loss: 0.0001, limb loss: 0.0001, lr: 1e-05
iteration: 13970, loss: 0.0019, scmap loss: 0.0018, locref loss: 0.0001, limb loss: 0.0001, lr: 1e-05
iteration: 13980, loss: 0.0022, scmap loss: 0.0020, locref loss: 0.0001, limb loss: 0.0001, lr: 1e-05
iteration: 13990, loss: 0.0024, scmap loss: 0.0022, locref loss: 0.0001, limb loss: 0.0001, lr: 1e-05
iteration: 14000, loss: 0.0023, scmap loss: 0.0021, locref loss: 0.0001, limb loss: 0.0001, lr: 1e-05
iteration: 14010, loss: 0.0019, scmap loss: 0.0017, locref loss: 0.0001, limb loss: 0.0001, lr: 1e-05
iteration: 14020, loss: 0.0021, scmap loss: 0.0019, locref loss: 0.0001, limb loss: 0.0001, lr: 1e-05
iteration: 14030, loss: 0.0022, scmap loss: 0.0021, locref loss: 0.0001, limb loss: 0.0001, lr: 1e-05
iteration: 14040, loss: 0.0022, scmap loss: 0.0020, locref loss: 0.0001, limb loss: 0.0001, lr: 1e-05
iteration: 14050, loss: 0.0019, scmap loss: 0.0018, locref loss: 0.0001, limb loss: 0.0001, lr: 1e-05
iteration: 14060, loss: 0.0021, scmap loss: 0.0019, locref loss: 0.0001, limb loss: 0.0001, lr: 1e-05
iteration: 14070, loss: 0.0022, scmap loss: 0.0020, locref loss: 0.0001, limb loss: 0.0001, lr: 1e-05
iteration: 14080, loss: 0.0019, scmap loss: 0.0018, locref loss: 0.0001, limb loss: 0.0001, lr: 1e-05
iteration: 14090, loss: 0.0019, scmap loss: 0.0017, locref loss: 0.0001, limb loss: 0.0001, lr: 1e-05
iteration: 14100, loss: 0.0021, scmap loss: 0.0020, locref loss: 0.0001, limb loss: 0.0001, lr: 1e-05
iteration: 14110, loss: 0.0025, scmap loss: 0.0023, locref loss: 0.0001, limb loss: 0.0001, lr: 1e-05
iteration: 14120, loss: 0.0022, scmap loss: 0.0020, locref loss: 0.0001, limb loss: 0.0001, lr: 1e-05
iteration: 14130, loss: 0.0020, scmap loss: 0.0019, locref loss: 0.0001, limb loss: 0.0001, lr: 1e-05
iteration: 14140, loss: 0.0018, scmap loss: 0.0017, locref loss: 0.0001, limb loss: 0.0001, lr: 1e-05
iteration: 14150, loss: 0.0019, scmap loss: 0.0018, locref loss: 0.0001, limb loss: 0.0001, lr: 1e-05
iteration: 14160, loss: 0.0020, scmap loss: 0.0019, locref loss: 0.0001, limb loss: 0.0001, lr: 1e-05
iteration: 14170, loss: 0.0020, scmap loss: 0.0019, locref loss: 0.0001, limb loss: 0.0001, lr: 1e-05
iteration: 14180, loss: 0.0017, scmap loss: 0.0016, locref loss: 0.0001, limb loss: 0.0001, lr: 1e-05
iteration: 14190, loss: 0.0022, scmap loss: 0.0020, locref loss: 0.0001, limb loss: 0.0001, lr: 1e-05
iteration: 14200, loss: 0.0020, scmap loss: 0.0018, locref loss: 0.0001, limb loss: 0.0001, lr: 1e-05
iteration: 14210, loss: 0.0020, scmap loss: 0.0019, locref loss: 0.0001, limb loss: 0.0001, lr: 1e-05
iteration: 14220, loss: 0.0020, scmap loss: 0.0018, locref loss: 0.0001, limb loss: 0.0001, lr: 1e-05
iteration: 14230, loss: 0.0020, scmap loss: 0.0018, locref loss: 0.0001, limb loss: 0.0001, lr: 1e-05
iteration: 14240, loss: 0.0019, scmap loss: 0.0018, locref loss: 0.0001, limb loss: 0.0001, lr: 1e-05
iteration: 14250, loss: 0.0023, scmap loss: 0.0021, locref loss: 0.0001, limb loss: 0.0001, lr: 1e-05
iteration: 14260, loss: 0.0022, scmap loss: 0.0020, locref loss: 0.0001, limb loss: 0.0001, lr: 1e-05
iteration: 14270, loss: 0.0021, scmap loss: 0.0020, locref loss: 0.0001, limb loss: 0.0001, lr: 1e-05
iteration: 14280, loss: 0.0024, scmap loss: 0.0022, locref loss: 0.0001, limb loss: 0.0001, lr: 1e-05
iteration: 14290, loss: 0.0020, scmap loss: 0.0019, locref loss: 0.0001, limb loss: 0.0001, lr: 1e-05
iteration: 14300, loss: 0.0023, scmap loss: 0.0021, locref loss: 0.0001, limb loss: 0.0001, lr: 1e-05
iteration: 14310, loss: 0.0020, scmap loss: 0.0019, locref loss: 0.0001, limb loss: 0.0001, lr: 1e-05
iteration: 14320, loss: 0.0021, scmap loss: 0.0020, locref loss: 0.0001, limb loss: 0.0001, lr: 1e-05
iteration: 14330, loss: 0.0019, scmap loss: 0.0017, locref loss: 0.0001, limb loss: 0.0001, lr: 1e-05
iteration: 14340, loss: 0.0019, scmap loss: 0.0018, locref loss: 0.0000, limb loss: 0.0001, lr: 1e-05
iteration: 14350, loss: 0.0026, scmap loss: 0.0024, locref loss: 0.0001, limb loss: 0.0001, lr: 1e-05
iteration: 14360, loss: 0.0020, scmap loss: 0.0018, locref loss: 0.0001, limb loss: 0.0001, lr: 1e-05
iteration: 14370, loss: 0.0021, scmap loss: 0.0019, locref loss: 0.0001, limb loss: 0.0001, lr: 1e-05
iteration: 14380, loss: 0.0020, scmap loss: 0.0018, locref loss: 0.0001, limb loss: 0.0001, lr: 1e-05
iteration: 14390, loss: 0.0023, scmap loss: 0.0021, locref loss: 0.0001, limb loss: 0.0001, lr: 1e-05
iteration: 14400, loss: 0.0021, scmap loss: 0.0019, locref loss: 0.0001, limb loss: 0.0001, lr: 1e-05
iteration: 14410, loss: 0.0018, scmap loss: 0.0016, locref loss: 0.0001, limb loss: 0.0001, lr: 1e-05
iteration: 14420, loss: 0.0020, scmap loss: 0.0018, locref loss: 0.0001, limb loss: 0.0001, lr: 1e-05
iteration: 14430, loss: 0.0021, scmap loss: 0.0019, locref loss: 0.0001, limb loss: 0.0001, lr: 1e-05
iteration: 14440, loss: 0.0021, scmap loss: 0.0020, locref loss: 0.0001, limb loss: 0.0001, lr: 1e-05
iteration: 14450, loss: 0.0018, scmap loss: 0.0017, locref loss: 0.0001, limb loss: 0.0001, lr: 1e-05
iteration: 14460, loss: 0.0023, scmap loss: 0.0021, locref loss: 0.0001, limb loss: 0.0001, lr: 1e-05
iteration: 14470, loss: 0.0020, scmap loss: 0.0018, locref loss: 0.0001, limb loss: 0.0001, lr: 1e-05
iteration: 14480, loss: 0.0018, scmap loss: 0.0017, locref loss: 0.0001, limb loss: 0.0001, lr: 1e-05
iteration: 14490, loss: 0.0021, scmap loss: 0.0020, locref loss: 0.0001, limb loss: 0.0001, lr: 1e-05
iteration: 14500, loss: 0.0022, scmap loss: 0.0020, locref loss: 0.0000, limb loss: 0.0001, lr: 1e-05
