fish,trial,fs,n,conf_head,conf_tailB,conf_tailE,distance_cm,mean_speed,max_speed,max_accel,theta_sd,theta_range,theta_fpeak,theta_f95,FNN_min,FNN_m3,tau,m,theiler,SampEn,ApEn,D2,lambda1,DET,LAM,TT,ENTR,Lmax,v_SampEn,v_DET,v_D2,group,theta_mean,theta_median,theta_skew,theta_kurt,asym_amp,asym_dur,asym_count,n_halfcycles,beat_amp,beat_rate,PE_H4,PE_C4,PE_H5,PE_C5,PE_H6,PE_C6,PE_missing5,Trev_1,Trev_10,DFA_alpha,alpha_width,alpha_asym,h2,dh,AMI_0,AMI_decay,AMI_firstmin,AIS,TE_theta_to_v,TE_v_to_theta,CI,MSE_slope,MSE_s1,MSE_peak,RN_trans,RN_clust,RN_degcv,RN_eps,hull_area,Rg,occupancy,d_wall,spread_index
f2,f2v1,114.73333333333332,3442,0.999418942475305,1.0,0.9877977919814062,72.34392313999473,2.226082556300441,19.825600922793488,490.38798078010615,33.36397788455582,160.6641814914,0.2240885416666666,3.1372395833333333,0.11,0.17,28,4,112,0.1014762717602628,0.2213134277441271,0.8014963897568272,2.023803785338126,0.9458084579502044,0.9708118173267042,8.600034010713374,2.401861181367266,64.0,0.0599786174431459,0.8711287577992058,0.5976007159074562,healthy,-27.616456826882946,-29.341840786782186,1.1062947742813642,6.0307720780763,-0.0967489157983537,0.0832301375219969,-0.0714285714285714,56,35.86811070552601,1.8666666666666667,0.5949265224141075,0.2631053742982164,0.5378617426905403,0.3105292381047824,0.4994715060638344,0.3610022723696983,0.3,-0.2109315735278254,-0.598227919148838,1.2545276435526236,1.414469448829088,0.3792383669446524,1.1684827071008728,1.080903356920172,2.3812594159787186,12.0,28.0,0.2528059572520959,0.0072068310769821,0.0088634932090858,0.4512902708595664,0.0330948478176985,0.1271887140748882,15.0,0.266215056180954,0.2399081140756607,1.373311161994934,12.098167419433594,50.88773636151252,2.698088405127725,46,2.027226128535116,0.009723195538604726
f2,f2v2,118.0,3540,1.0,1.0,0.986723163841808,70.84983447979108,2.171509376562981,15.679306772098588,315.9147692854907,35.87545924006799,161.32340972118126,0.115234375,2.765625,0.094,0.154,38,6,228,0.1213598628889331,0.2258608206175782,2.9203921095065084,1.8599344893937064,0.9637848763309788,0.9812360650955388,13.905359515724198,2.6007883366161173,179.0,0.0614695037949293,0.9366496432887608,0.9517398318928966,healthy,-27.39068480235253,-28.747346470247955,0.5450688550523116,3.067129055412054,-0.2250587573614821,0.0335198071587754,-0.0196078431372549,51,37.69081769357845,1.7,0.5944508426590954,0.2648201436863305,0.5386005128139134,0.3120481350408436,0.5019219175192469,0.3602323804783106,0.275,-0.3333483683025832,0.0390986221814424,1.33274143968107,1.1193082986992415,0.4929181299339344,1.2588271276666287,0.8829210983884577,2.625130562686051,12.0,38.0,0.2509592884797287,0.0087651311956498,0.0112528230231991,0.5748034382026256,0.0489697373356329,0.1524056343897871,15.0,0.2271198034286499,0.2104465812444687,1.384649395942688,19.160898208618164,26.860485330008306,2.1507778390575303,36,1.3770576179369165,0.005351015087728966
f2,f2v3,118.43333333333334,3553,0.9997185477061638,1.0,0.994370954123276,76.3199419947685,2.3338499224471816,19.573859109082512,393.4653629760358,49.52638112555337,232.0615445578076,0.1156575520833333,5.667220052083334,0.108,0.182,31,5,155,0.1231210291511102,0.2015616520028738,1.925638965325639,0.5511157940922891,0.9216217284731556,0.960366094726022,8.771869639794168,2.36744586590968,70.0,0.0765546336552276,0.916860498644778,3.7679485003620914,healthy,-18.13717139041244,-23.912166708380013,0.8236368662350182,1.2262986923504018,-0.17838741707105,0.0255421686746987,-0.0181818181818181,55,50.10761425112271,1.8333333333333333,0.6072816159527626,0.2590636671931641,0.5498690888581146,0.3084693576898298,0.5102866372360527,0.3621238998382419,0.25,0.3054589893155524,0.2711133567076754,1.2523737456798936,1.2638240273018249,0.4720486986469431,1.195923443028677,0.99890552514483,2.84425473866193,11.0,31.0,0.2442667351446034,0.0087640653009888,0.0097942805002033,0.6781741278423554,0.0638576438139867,0.155610728139063,15.0,0.3407538831233978,0.2636473476886749,1.28486430644989,31.83713722229004,36.41617325039392,2.559043650688446,46,1.107164854829819,0.006251989548066371
f2,f2v4,121.0,3630,0.9991735537190084,1.0,0.9977961432506888,83.91316006953323,2.548972726547182,16.02852223929235,349.0659248065763,44.05934391964948,201.1710833547992,0.236328125,7.08984375,0.07,0.158,50,8,400,0.098520503636668,0.2107845790249158,4.381932799678384,0.1651696974906683,0.9745369273769482,0.9878369415888956,10.940320041972718,2.7486958469169767,138.0,0.0834237445952846,0.9562231581568084,1.1162276791406134,healthy,3.172881691154637,4.288819858015834,-0.2984299081585861,1.957089100668635,0.1818052649243089,0.0469605913949901,-0.0625,32,68.62804816013235,1.0666666666666669,0.5912465780972507,0.2646643495472192,0.5350741060399054,0.308827606249121,0.4957625807986872,0.3568857807889249,0.2333333333333333,-2.6103233091836424,-0.6244541494908782,1.2739066288565848,1.757085511520013,0.4809161029636856,1.2259084829425368,1.3947829471696571,2.7830735693563144,14.0,50.0,0.2550438401117914,0.0072293501618456,0.0084854238630329,0.427570334928792,0.0326946898648954,0.121967184648649,15.0,0.3838125467300415,0.2682929635047912,1.2344740629196167,33.593955993652344,31.762611992037225,2.327516932539474,38,1.956009106379181,0.004510825808026628
f2,f2v5,120.43333333333334,3613,0.9986161084970938,1.0,0.9975089952947688,122.70507276739636,3.800449759702885,20.286738537714744,330.67943110604955,47.68387044121755,176.94516539337818,0.1176106770833333,4.351595052083334,0.064,0.17,33,4,132,0.1531120213279351,0.2504891037668759,3.5132881334064576,0.736523898298173,0.9442130260443026,0.9725736754000078,8.060821166411229,2.307204908739995,94.0,0.1867950155327953,0.899613250378342,3.3361312553485365,healthy,11.504446885559172,8.47414557698858,0.2019286862972051,-0.204045404207334,0.1634916412260774,-0.0552010000657938,0.0588235294117647,34,65.9762523458775,1.1333333333333333,0.5532373866847721,0.2682118140706856,0.4916675916575467,0.301945837187302,0.4518107202122481,0.3368514508778351,0.2916666666666667,1.4643815890806606,-0.2451730307441322,1.2690146734395331,1.2520817729901392,0.4260230313803166,1.1881928095881678,0.9883964691672784,3.040912950209746,9.0,33.0,0.2958794587851335,0.0065512024605998,0.0096952681313309,0.7676779545800352,0.0740002155055699,0.1917300982472839,15.0,0.2320215851068496,0.2240653783082962,0.8392441272735596,40.14224624633789,74.57624418485672,2.661190423056488,66,2.694459131725392,0.004953081486882615
f2,f2v6,117.53333333333332,3526,0.993193420306296,0.9994327850255248,0.9906409529211572,99.8922637150902,3.028779669443831,27.12326890240388,644.3864816648558,44.20590961172572,183.603781492408,0.4591145833333333,2.984244791666667,0.092,0.166,54,5,270,0.0561174092334998,0.1770496257349627,2.935015592992163,0.6810139404540716,0.9604485788557802,0.9805465443530196,14.013355848940742,2.691023730668471,84.0,0.0860100256448568,0.9635962041884816,2.0115333518372847,healthy,25.122286496264007,11.086183486249377,1.151094808110775,1.9962119904817337,0.3489828109906766,0.1662436169259713,-0.1794871794871795,39,61.04945957813596,1.3,0.5584204286548543,0.2672997140061408,0.5001080101460011,0.3020417556669925,0.4604246821009389,0.3408629957774894,0.2333333333333333,-0.7974532149172987,0.2223243390038436,1.3280189399696416,0.6531084416980162,0.8267053398006292,1.252387533747789,0.5305095614225304,2.6537536188838606,13.0,54.0,0.2877528451908029,0.0070813863348908,0.0074648403238735,0.2142993718253847,0.0170669676682162,0.0624806047040454,15.0,0.3413746058940887,0.1963692754507064,1.8710919618606567,26.24991035461425,35.60163040170577,1.9361677511345723,45,1.9982472165397247,0.0035678466297531385
f2,f2v7,120.63333333333334,3619,0.997236805747444,0.9991710417242332,0.993920972644377,103.88723762877746,3.1262077907410326,24.675309200991983,614.847629478223,51.73457562402857,237.79524083801053,0.1178059895833333,6.479329427083333,0.1,0.18,33,6,198,0.1317608001693772,0.2611854277011098,1.7111726694224,0.4009285433163924,0.9574589578872236,0.9770674008361374,11.347820937944102,2.5610793598509294,90.0,0.0445585038687124,0.9290107836648888,0.8510404032087702,healthy,-8.4243611794433,-11.903359174544654,0.2879449786440479,0.929197500001639,-0.0070880803947654,0.0570241532286459,-0.05,40,75.12792914001666,1.3333333333333333,0.5943183705325172,0.262341405810896,0.5352877594112326,0.3072348800732207,0.4955056389932543,0.3551108847913229,0.2666666666666666,-0.1890017287580654,0.1582352850689549,1.2120415652689565,1.8192865324572849,0.3773904223262848,1.1276558310083944,1.497240890834799,2.935099042913308,11.0,33.0,0.2566624928182715,0.0077627265859603,0.0096601506275488,0.5101429188121135,0.0370071659794954,0.1549463068675053,15.0,0.2848149836063385,0.2256340235471725,1.3152620792388916,38.28120422363281,71.71543259981657,2.6885572380191785,64,2.7857088400234464,0.006644896571815853
f2,f2v8,121.6,3648,0.9997258771929824,0.9923245614035088,0.9961622807017544,67.99019358777412,2.0751688560446824,11.913135118678907,276.8284616447287,41.10284970176023,165.23396746754543,0.11875,4.6312500000000005,0.056,0.144,32,5,160,0.0969880570013792,0.2037478789921563,2.223283334447729,0.5368042784106285,0.9552357320099256,0.9771910669975186,11.655262223274535,2.625649117399912,70.0,0.105567026045537,0.9582495564754584,0.9138467886454292,healthy,-0.4084698564294088,-6.800775272500935,0.9395608643753448,1.275641548393864,0.0979944164416701,-0.0047235343150874,0.0,22,65.28055046091316,0.7333333333333333,0.5838596768586091,0.2649811224380607,0.5260431665756172,0.3072241209364914,0.4880499785839299,0.353759362644684,0.275,-0.8715231765160514,-0.021962865471141,1.2952797566542729,1.2096075240381854,0.5861983999347563,1.2221361875324912,0.9467433565874928,2.7964967335817734,17.0,32.0,0.2637626081203837,0.0108035049703543,0.0097729684195599,0.4816498059073442,0.0408973608142333,0.1199917268641437,15.0,0.3303151428699493,0.2103866934776306,1.243212342262268,28.402650833129883,43.561674967605086,2.49139254284219,45,1.7074296129262465,0.00942349522355119
f2,f2v9,119.3,3579,1.0,1.0,0.9983235540653814,74.3409165413741,2.285968735858232,17.54688699464562,365.5609700077137,36.50060238065086,149.88340278942388,0.34951171875,3.4951171875,0.032,0.128,40,5,200,0.0759894652179565,0.1444764449270006,2.6843034471359863,0.4425557057308415,0.9859899928520371,0.9922087205146534,17.786381109280615,3.097978404044928,123.0,0.0859694817008789,0.9381637717121588,0.8180730623544421,healthy,1.3029781148900357,-2.4985084460252964,1.1571706209500383,2.107728291656321,0.3132083713405633,-0.0941451463009377,0.1,20,62.05411877163982,0.6666666666666666,0.5779476649190397,0.265464100295206,0.5196372568119492,0.3057247473515727,0.4802021695881621,0.349780004139324,0.225,1.6607373001025858,1.1331680018550696,1.3474454377759302,1.6551456316084052,0.488357948702615,1.2696775667713458,1.2584104995695842,2.728973192053618,19.0,40.0,0.2701637225868258,0.0073899350074246,0.008768926380942,0.4321066124997536,0.0383311382863999,0.0973445337637437,15.0,0.0827260687947273,0.0517955906689167,1.2141520977020264,24.21512222290039,41.53691359971968,2.496093596276023,45,2.3034718719936973,0.007515855137716322
f2,f2v10,120.03333333333332,3601,0.9997222993612884,0.9977783948903084,0.99055817828381,107.67361381892157,3.3136401689364616,18.15240865519337,453.4028575987471,44.76201391592154,192.49805283115143,0.1172200520833333,3.3993815104166663,0.13,0.168,34,5,170,0.0935940840648283,0.1775276047711353,3.650004554523064,0.6954757216992054,0.9748505627636392,0.9870354451130524,12.086291309669525,2.68882829510903,104.0,0.1149191432846325,0.9362306689025528,4.34530013059642,healthy,-7.0855529677055085,-12.012477969305532,0.8946705574781653,1.6187414049656228,0.1547359410669912,0.1179746835443037,-0.1034482758620689,29,73.63480664857522,0.9666666666666668,0.5474848741669129,0.2680309034060428,0.4872890337278667,0.2989065045095455,0.4469490428393288,0.3334306866747711,0.2833333333333333,-0.1042354590750896,-0.3723454702165142,1.3658832119652713,1.774800601830596,0.4226592103412285,1.2871545800522453,1.3966379104804083,2.7982945031392,12.0,34.0,0.3029723928481347,0.0056361283931463,0.007574220580679,0.4900997985895494,0.042352597890205,0.1172729071364893,15.0,0.2523749470710754,0.1863361448049545,1.2432292699813845,32.09477615356445,54.9932335193138,2.5061672748718657,59,2.325631339089244,0.0047434101383747596
f3,f3v1,118.4,3552,0.9980292792792792,1.0,1.0,89.37079049362805,2.761451851950111,15.2505481818119,344.8609911054401,51.10885291753255,232.240166239628,0.23125,3.2375000000000007,0.08,0.17,54,7,378,0.0760887944411753,0.2088700567134473,3.680218300327488,-1.1262703388864133,0.97188839202534,0.9877957890814236,8.473926073926075,2.3818737559887486,51.0,0.0753951072653116,0.9168377823408624,2.6787792481179005,healthy,-8.270942725344094,-2.4181093340406115,-0.3569964210054546,1.020245502974544,-0.377142510199148,0.0337716991057337,-0.0303030303030303,33,71.32475044675768,1.1,0.5270175155418444,0.2724058315569831,0.4684082176713281,0.2981024925477454,0.4299717693797235,0.326621210322111,0.35,-0.8951500255678102,-0.634766997051084,1.3379266306855728,1.690960189304305,0.4402676123981457,1.2570312963374124,1.4138710647237271,2.939742101925892,14.0,54.0,0.3208957997473096,0.0073117198232881,0.0107166219377217,0.32083277078531,0.0285838518633524,0.0884028719175166,15.0,0.1749228686094284,0.1759885400533676,1.44138765335083,33.780513763427734,27.6045798206759,2.074646824250638,33,1.3388486202092191,0.003456128985384647
f3,f3v2,117.9,3537,0.9985863726321742,1.0,0.9940627650551316,109.97831045679212,3.393959267966177,19.662704877128704,401.5646814660169,46.630711053131655,204.3699663546197,0.34541015625,3.9146484375,0.162,0.216,43,4,172,0.0949433221381419,0.2527325571552836,2.542305188009453,2.730811630238533,0.94006006006006,0.9716016016016016,9.222137767220902,2.181643996706665,89.0,0.0825358975715824,0.9237749931090048,3.535693669884408,healthy,-5.755825360607515,-1.3803098797130078,-0.7432681749865908,1.4587227123161224,-0.2058089419260232,-0.0041019667133454,0.0212765957446808,47,78.21165625012065,1.5666666666666669,0.5202368876493091,0.2696398757407024,0.4580050033426338,0.2927877028074906,0.4163735401844625,0.320253908250736,0.3,-0.4320083156596333,-0.848921505354867,1.2304370104358673,2.0900470443676937,0.460494910834998,1.122692266245396,1.745716434483679,2.824693524045255,10.0,43.0,0.3306800439953219,0.0064092678987233,0.0087545381700218,0.3845583540250513,0.0292531055430297,0.1102717072821342,15.0,0.2193491756916046,0.185266226530075,1.552018642425537,30.15414047241211,53.99168306124093,3.1066017081489528,57,1.439648359808302,0.004463882749452705
f3,f3v3,118.2,3546,0.9988719684151156,1.0,0.9935138183869148,166.17780279670956,5.092290541495262,19.10333288853812,492.6150160664224,55.22635521755725,244.1318886205044,1.5005859375,4.2708984375000005,0.152,0.248,33,5,165,0.1306254588493517,0.3130013162546126,2.993332153978008,-2.015319054897565,0.9303645014233672,0.9658790038420958,7.322517355870812,2.125211723115287,76.0,0.1643993357259739,0.8647821534992349,3.8568520054226014,healthy,-1.868942988739976,2.440882559351632,-0.2956424108779069,0.6743653459876424,-0.1300669581520655,-0.0192953497637885,0.0277777777777777,72,72.4285869676255,2.4,0.5160773792749912,0.272344376519307,0.4558431696273055,0.2970200248974546,0.4179045500809925,0.3225401968162846,0.35,-0.4079451636373321,-0.2660151656489295,1.2007715103490697,1.871179408244256,0.3741348505618171,1.0625746719710276,1.5771656728572945,2.918799933104665,5.0,33.0,0.3310182492901149,0.0099788072628779,0.0097605716708257,0.4714363344688977,0.0371430081547929,0.1567565298050802,15.0,0.523330807685852,0.322683185338974,1.4781992435455322,40.8015251159668,57.55419494099339,2.6817996027766706,66,2.07596584137578,0.002084159530198765
f3,f3v4,112.9,3387,0.9985237673457336,0.9997047534691468,0.991142604074402,204.54126140464533,6.2464140478133405,27.11613179420381,764.1038388360961,50.31082361773804,237.7510618646988,0.2205078125,6.063964843750001,0.188,0.252,24,4,96,0.1491862985036895,0.3717400810106279,2.197746243118883,-5.219014314242767,0.8633049817739976,0.9298868469015796,11.89532483302975,1.957940590589112,193.0,0.0769439824081265,0.966547262512968,0.9894081064766724,healthy,-0.5790805566321171,-1.8274161259096,0.0092691074593953,1.2562559743883028,0.0023717892375763,0.0035608308605341,0.0,82,72.31860912587908,2.7333333333333334,0.5839197609607835,0.2663347800202572,0.5252333505555766,0.3089675596793235,0.485409385836089,0.3551219465714355,0.275,0.0543294703359463,-0.0228264866292802,1.1422423503173678,1.8494805142570965,0.3487461248079996,1.065499297208783,1.5934446013981058,2.8587995756055404,5.0,24.0,0.2633297660009926,0.0099950767928194,0.0091333027889082,0.2525555148075286,0.0082739057960595,0.1508567266396789,15.0,0.5001034140586853,0.3222465515136719,1.7078202962875366,22.6822509765625,60.09881178778367,3.3764745047337947,71,1.6494383415549907,0.001436494692894698
f3,f3v5,119.43333333333334,3583,0.9997209042701648,0.999162712810494,0.996650851241976,141.61892846077788,4.357958666655648,18.691857912904418,486.92159638871664,45.739348363179055,232.80507770236773,0.2332682291666666,5.015266927083333,0.174,0.218,33,5,165,0.1386771343978244,0.3523825896047445,1.701000533128877,10.666573933977064,0.9137220552226624,0.958443652578982,7.979696693461507,2.019099839614719,69.0,0.1661025821759513,0.9247590725130246,2.85814905638342,healthy,2.556065288625601,5.82318480154442,-0.3988297366359032,2.4748871225911016,-0.0908586922145007,0.0305933339035724,-0.0163934426229508,61,70.6091885542268,2.033333333333333,0.5362930239837777,0.2720250296962073,0.4760669662705898,0.3018433666688938,0.4373657851073985,0.3328569046184821,0.2833333333333333,-0.0441633640046261,-0.0419176909640261,1.1732423672961565,1.576366616176063,0.4769508503574136,1.0503408062551205,1.2998435562753694,2.6754528594815823,8.0,33.0,0.3124248349662513,0.0094797008873639,0.0083636816508403,0.614811167006448,0.0596156677225047,0.1591014771240416,15.0,0.5247366428375244,0.3787116408348083,1.4094501733779907,39.73666763305664,49.89916428942912,3.3488269665867585,58,1.3190416616204237,0.002488001650099366
f3,f3v6,118.2,3546,0.9988719684151156,1.0,0.9949238578680204,81.49590566302598,2.5234552523446907,16.490240987958465,350.5689188327003,43.659725319719605,218.12262233737343,0.1154296875,3.462890625,0.142,0.202,50,4,200,0.0435176706870952,0.1933477801569392,1.5355647354899755,0.3924675984816145,0.9747574798325336,0.9873072602879608,26.576965365585487,3.186361006222292,125.0,0.0603065080731488,0.9435546634989554,2.0661081554038674,healthy,-8.507593028958254,-6.402278401091847,-0.1261420791592333,2.793344301261091,-0.1534772767031383,0.0239838950400888,0.027027027027027,37,69.35914179887023,1.2333333333333334,0.5439757658975666,0.2677596753111546,0.4831187232893117,0.3000388125590967,0.4428748855376895,0.3340589098295813,0.2833333333333333,-1.1962719359439589,-0.808884631012354,1.2742112210360157,1.847244416471658,0.471113776776383,1.1639509563415396,1.5272782502978026,2.439414787522997,15.0,50.0,0.2980947682023951,0.0080553273165926,0.0105984026882572,0.1826862781905008,0.0138554078222739,0.0516037441136944,15.0,0.2745261490345001,0.2017571032047271,1.82353937625885,11.11813259124756,35.00115793042063,2.278899015571299,43,1.5705633258672742,0.005270002622640037
f3,f3v7,120.8,3624,0.9997240618101544,1.0,0.9944812362030904,132.6236031492586,4.112506003590734,23.812609732982025,597.6346959884207,40.47099906180697,200.13448122301745,0.471875,5.54453125,0.204,0.226,19,4,76,0.1094002223077387,0.299447718756531,1.1996786838725844,1.533560264119387,0.9805243445692884,0.9889419475655432,33.93926735218509,3.49053348192401,190.0,0.0669832543201202,0.9672631107509224,2.3577247764815343,healthy,1.408055470273622,6.299827031316179,-1.1627774781946665,4.14219474614509,-0.2328410376208777,-0.0021590710159305,0.0163934426229508,61,66.10282506854945,2.033333333333333,0.553878843084454,0.2709678371804857,0.4971178504540206,0.3058143669969948,0.4601637839826458,0.3434310591476545,0.3,-0.4666507929339997,-0.4560144067655625,1.09854442640677,1.5926565436717754,0.5111183426825971,0.9355597921647574,1.3420025927658503,2.4604868383702785,7.0,19.0,0.2941069722662783,0.0074359461195316,0.0072611765177805,0.313122348527844,0.024232910359351,0.1292183328777107,15.0,0.3663512766361236,0.3230127990245819,1.4410429000854492,13.329251289367676,41.48505484466047,3.329386823662778,53,1.4047549773771475,0.0023585768041545848
f3,f3v8,118.8,3564,0.999438832772166,1.0,0.9921436588103256,108.71026646418122,3.37121365390192,20.79346694514204,500.191224244817,45.21355448778778,217.5605956380152,0.23203125,3.48046875,0.134,0.192,47,5,235,0.0867535670502298,0.242219085559701,2.304005999660116,-1.6410710106246509,0.9614716530983822,0.9825774857166776,9.975671943057474,2.4453337643733195,82.0,0.1201053706189489,0.9161888987981484,2.9040335930892374,healthy,-0.6123856794962845,3.182171370910951,-0.4305277405598451,2.5689890811802574,-0.1776963462615829,0.0008453085376162,0.0,38,79.93458595963031,1.2666666666666666,0.5345366976564218,0.2705129914785413,0.4749403937596061,0.2997046307111226,0.4364728402831734,0.3323668313057051,0.3166666666666666,-0.0513573023148297,-0.1512480646423484,1.295980136970089,1.4007136578925632,0.5151199367492653,1.1845032856429347,1.1403547943728591,2.626471251628048,11.0,47.0,0.3132913135342187,0.0072496396714356,0.0081721496036981,0.3838018310954654,0.034812824895652,0.1035558213967581,15.0,0.3779070675373077,0.2460381388664245,1.3407869338989258,41.748565673828125,24.499453152734333,2.496220299473769,32,0.9768067165445126,0.0020730762210793953
f3,f3v9,115.73333333333332,3472,0.9994239631336406,1.0,0.9953917050691244,121.5749423657486,3.736050504714447,16.757960237553835,379.8614088700701,48.926771332278285,229.88335710608567,0.2260416666666666,4.06875,0.162,0.27,45,4,180,0.1153857803640319,0.2633769063004259,3.027154386773371,13.921625771570698,0.9093581380365628,0.9569843762583556,6.955150717003219,2.184893123593205,37.0,0.1355869152680435,0.8837320099255583,2.8448090142894453,healthy,-5.753867204907247,-3.7127317692662425,-0.0589442302640009,1.4528735275638258,-0.0632211593857659,0.0662262831794401,-0.0612244897959183,49,75.2889213290938,1.6333333333333333,0.5425691449272154,0.2703408531232523,0.4817762574510185,0.3014764969425613,0.4420220236294733,0.3340327355102896,0.3166666666666666,-0.0627820218994676,-0.0133425710252541,1.248242962295526,1.8927930270244813,0.4110302955034831,1.137229656940138,1.5676149671856836,2.882148099326701,8.0,45.0,0.3047965097254739,0.0070265445455131,0.0124378050682742,0.5794404711559272,0.0538104379338072,0.140131759869466,15.0,0.4332335889339447,0.3168017566204071,1.1394327878952026,47.9089469909668,27.56052094427166,2.2131707373240954,34,1.3921186651282684,0.0018646583811719481
f3,f3v10,117.3,3519,1.0,1.0,0.9965899403239556,118.97452383967578,3.69837644414479,18.65603144759118,526.4098540769797,42.02881726506451,199.9045169281435,0.458203125,4.23837890625,0.17,0.248,43,5,215,0.0818042173099278,0.240716615390947,2.145949074879212,2.325762972769796,0.9379912123274956,0.9699032530890938,14.4849044978435,2.7132332010787774,142.0,0.0775811607038636,0.9209099814955916,3.2836317900433896,healthy,8.91549464452229,5.984019185335502,0.3881470912892236,2.28622044014162,0.0966336325318334,-0.0209920936012053,-0.0175438596491228,57,65.58195426907284,1.9,0.5482557913253595,0.2676518634161699,0.487820201193626,0.2984176662570479,0.4464801963747935,0.3343108067822544,0.2333333333333333,0.617060282931901,0.0327064682546221,1.2154795084954924,1.4898907669496724,0.5002508572323724,1.0736422742130165,1.2270049524044455,2.617202631464229,8.0,43.0,0.3010331197056708,0.0090793624132723,0.0102791159830171,0.3554020598493678,0.0247567203934498,0.099601462270056,15.0,0.2633113265037536,0.166103258728981,1.7222590446472168,22.093351364135746,41.12218771035169,3.027192995761069,47,1.1310355893586548,0.002905147989874101
f4,f4v1,114.0,3420,1.0,0.9985380116959064,0.9964912280701754,232.58281322606533,7.23648117902156,37.7766448235956,892.0433471901189,35.8779820532273,168.83619492393706,0.22265625,7.125,0.15,0.208,29,4,116,0.2287197705610936,0.4364683776401468,3.0231707600669866,16.91383142130715,0.8056747964349651,0.8989489691813124,6.649035381220189,1.7533826806672412,82.0,0.1724288166549157,0.9420149794636384,1.862885704803365,healthy,-2.752099812047827,-3.878249036838988,0.4688314297771732,3.8144296068003047,0.0174370412389725,0.0011976047904191,0.0,84,52.3372781680381,2.8,0.5581691058431607,0.2704435249078751,0.5019588418232588,0.3076912655555166,0.4651512466150719,0.346100894022548,0.3,-0.9644616590992952,-0.2100132458423747,1.0791264747205216,1.7393949732360243,0.4049808046407268,0.9681956257876118,1.4846962196929612,2.537318681136349,5.0,29.0,0.289648912709616,0.0098632500580495,0.0113985399648934,0.6940183291986134,0.0324077313535781,0.2711533335203608,15.0,0.4528181850910187,0.3503157198429107,1.4744442701339722,26.07729148864746,164.43590589446003,4.50156969923766,125,3.256192316651217,0.0030397748445655224
f4,f4v2,118.1,3543,1.0,0.9997177533163986,0.9983065198983913,161.1869947891891,5.06502990348461,22.90602890387778,490.0033457926784,34.68682872262851,165.59846514085012,0.11533203125,4.8439453125,0.164,0.222,31,4,124,0.1200355270022483,0.2850987218505096,2.430624820099624,13.953689079284658,0.912080679816496,0.9559822690230542,8.89054905490549,2.12009662205879,88.0,0.1036898026862985,0.9330291096247212,2.7721524177847745,healthy,1.1324303272530345,-0.7121537051305356,0.2305671487146131,3.970220345167786,0.1682541684872668,0.1059377689206938,-0.0943396226415094,53,51.99586501592805,1.7666666666666666,0.56319775101303,0.2707327066340672,0.5047467795794137,0.3104838005205843,0.4658477993453948,0.3510208754740718,0.325,-0.0546861890845772,0.0426252586312604,1.1729729748908355,1.8891129034818304,0.373364615133385,1.036861379213457,1.5274626238016764,2.442696311667169,7.0,31.0,0.2848361073544144,0.0047609275430255,0.0076294682174129,0.5470915841636839,0.043728309535973,0.151451514123669,15.0,0.3976682126522064,0.2721457481384277,1.6490576267242432,19.311973571777344,120.65153344562331,4.634912806098994,108,2.467263595424225,0.004643792967395959
f4,f4v3,117.6,3528,1.0,1.0,0.9994331065759636,181.67463710158245,5.636627416284855,28.55735098593265,499.2341080987542,36.34339953628586,169.65329878897467,0.2296875,5.053125,0.1,0.156,28,5,140,0.1403691199727728,0.3466170307556693,2.3121600187708293,2.6698370531985582,0.9343472899172,0.9685340693327068,12.297626444637752,1.8071447566216725,258.0,0.099233184561862,0.9474050710686928,0.8784590155171339,healthy,4.157944254200093,3.0981285687585287,0.263594742614369,1.9632977350755416,0.2009233056239964,-0.0075723830734965,0.04,50,67.51938086498393,1.6666666666666667,0.5381310259428856,0.2717084434764406,0.4803440648707521,0.3009068107675541,0.4403926025941077,0.3339171476495277,0.2666666666666666,0.2689976072152072,0.3878549621087417,1.154570692689692,1.4333649088594025,0.4021290717621704,1.0540025286271966,1.2000119029822034,2.7469682651089564,6.0,28.0,0.3115284317223623,0.0069287129538433,0.008599265015968,0.4123756258677672,0.0233399431987148,0.1615579741538361,15.0,0.3348168134689331,0.2673242092132568,1.6530647277832031,18.2039852142334,114.00698358540129,4.059661334818366,109,2.660458096038658,0.0034541631961130144
f4,f4v4,116.03333333333332,3481,1.0,1.0,1.0,177.06831312422491,5.534887252079282,28.10098746293314,520.56874195035,32.79094092765097,150.7182188037701,0.33994140625,6.232259114583333,0.114,0.18,31,4,124,0.1508633823010993,0.3472347455741209,1.7714597334659146,14.763977512196876,0.897562958518031,0.9465263932173206,9.9843797856049,2.141361147957327,108.0,0.0883051216054302,0.98698809549162,0.0780918484181256,healthy,11.33861209294633,5.847014282906364,0.2273224310773676,2.9957090009224885,0.0755159457341949,0.0455730524559391,-0.0588235294117647,68,47.5906695183701,2.2666666666666666,0.5870239007568654,0.2668128772703835,0.5298171640196083,0.31074989977479,0.4901894263488129,0.3572900143987714,0.3,0.2668393888639176,0.295076780931855,1.104498221778478,1.666227494347217,0.4231933916415991,0.9935633185788694,1.402829985046239,2.5785286881797687,7.0,31.0,0.2617891405901215,0.0088587835305975,0.0087600146431396,0.5088935334751178,0.0296550124415552,0.1791196599184037,15.0,0.3304188549518585,0.2988783717155456,1.5573856830596924,14.09744358062744,160.78161993600096,5.252687672119831,124,3.539142089625261,0.005128078919283306
f4,f4v5,115.23333333333332,3457,0.9933468325137402,0.997685854787388,0.996528782181082,160.4017930218346,5.005567504893869,28.3002291626136,518.8391373905515,38.105331600535095,174.95387376843348,0.5626627604166667,5.964225260416668,0.148,0.24,20,5,100,0.1316663803472261,0.2933203483237796,2.87665671071344,1.092380072562915,0.9551849525006187,0.9773735412264168,16.09105155931672,2.792485304319423,153.0,0.0527886863681111,0.9875498706870628,1.9575749566876235,healthy,2.4639123363396243,0.6430989543375573,0.1087129705820327,1.8067882217534457,-0.0271643024803713,0.0187750874012688,-0.0181818181818181,55,54.3472409443001,1.8333333333333333,0.5537410452477263,0.269834361475594,0.4948096976625049,0.3050686862749428,0.4562220515215047,0.3427501734861604,0.2833333333333333,0.237450294912148,0.0494768333102179,1.1336724804107954,1.4612537902562406,0.4826417864430387,1.0045704362135623,1.226403704865233,2.7468819182825204,8.0,20.0,0.2969402043017624,0.0088024064480669,0.0065595020896629,0.4044191656805661,0.0289414200928391,0.1461888788601782,15.0,0.3941428959369659,0.2136884778738021,1.3783138990402222,19.93610382080078,154.10435886980494,5.720432196377899,133,2.856336642514333,0.005989581595994515
f4,f4v6,118.43333333333334,3553,1.0,1.0,0.9977483816493103,191.60921003267123,5.965868826345496,28.0652825393092,456.2646613662452,35.86965320782588,167.6939941917471,0.34697265625,4.5106445312500005,0.164,0.284,29,5,145,0.0972688548634887,0.2855357091680104,2.625922622926829,9.970595672715708,0.9528118559230544,0.9777014427323584,9.364354201917653,2.1857723102539173,92.0,0.1190108709454734,0.9594995807175396,3.4231357356447973,healthy,4.729970541503322,1.917904176085988,0.3173667086774358,1.847731766574582,0.171278198582503,-0.0152030406081215,0.0294117647058823,68,51.60786158110968,2.2666666666666666,0.5585156865434748,0.2706672274348499,0.499914154899521,0.3058938529739982,0.4597512393244743,0.3423471344951751,0.225,0.2873911155894885,0.0773237051693418,1.1560706094918034,1.4994444537958682,0.4600635790434262,1.0398190383179051,1.2614083619892749,2.630968069090464,6.0,29.0,0.2856468895651746,0.009270266880224,0.0098632932641429,0.3992304482848561,0.0312976405855281,0.1153464223061879,15.0,0.5312172174453735,0.3420592248439789,1.7503330707550049,18.16765594482422,158.1820765713845,5.233931775700691,132,2.4918918468615883,0.004308484270985733
f4,f4v7,116.03333333333332,3481,1.0,1.0,0.9979890835966676,117.70313468444932,3.664148497290656,15.732640567351815,329.921739611054,41.01647924080078,190.51534529549963,0.2266276041666666,3.3994140625,0.166,0.234,34,6,204,0.0746046550869296,0.2217327044760781,2.63209926695459,0.5159309947083636,0.9702412648998484,0.985325441363208,20.840155945419102,2.60161060872495,189.0,0.0812438525476229,0.9435037220843672,2.5597524724053424,healthy,-2.585519477885408,1.4153072949199703,-0.5212113288120047,1.6777470029737351,-0.0311970405315692,-0.0101492537313433,0.0,34,68.87762235274306,1.1333333333333333,0.5573504493990225,0.2697581551312906,0.4977691798350702,0.3062673297089683,0.4590321218963079,0.3441394108604714,0.3,-0.057292860416368,-0.0690721120516772,1.310409294402502,0.949627654503413,0.6223410399701776,1.188932124939569,0.68778750778023,2.691146031267349,12.0,34.0,0.2908276269784365,0.0090279272091047,0.0090898130461012,0.1808252949520245,0.0078521706060467,0.0760158301501795,11.0,0.2529296576976776,0.2446273863315582,1.8022226095199585,3.7173333168029785,110.6446486356338,4.608157663122762,89,1.7351653089104546,0.00798646063932539
f4,f4v8,114.13333333333334,3424,0.9988317757009346,0.9994158878504672,0.9903621495327104,177.2321449566921,5.615336921107695,21.706010567076216,504.8532032429212,40.61156786948105,186.16419356215928,0.334375,3.901041666666667,0.19,0.23,33,5,165,0.1313166612507132,0.3116220645571461,1.5601785330953917,-3.444001924818834,0.9489379491569288,0.975902295303884,7.244347569085266,2.175431392225166,46.0,0.2320622286584103,0.8281124836628863,4.243101783237229,healthy,-4.02936882821349,-5.320767886646447,0.6318348647330265,2.5641624605677373,0.122911153053147,0.0379881972657988,-0.0476190476190476,63,52.17110757275126,2.1,0.5489357077660165,0.2715141213023343,0.4917769737647008,0.3051221997475177,0.454231939107361,0.3419305180185495,0.325,-0.3606094488315,0.00030298597349,1.2764411986905024,1.1854663923178603,0.4727817518074916,1.1541085943326128,0.9333001197408306,2.655420677273642,6.0,33.0,0.2997095977011037,0.0096634622152094,0.0073726985906692,0.6682735584660701,0.0596404215402746,0.1635084964602635,15.0,0.4865943789482116,0.3821291625499725,1.3738839626312256,25.75704574584961,141.37114702365693,5.137543583331146,100,1.20426881451431,0.004500655739835085
f4,f4v9,114.6,3438,0.9997091332169866,0.9933100639906922,0.9691681210005816,166.60831789169353,5.2293566181272695,17.33729097059667,440.7981980473416,42.384031665955376,181.43738125170745,0.223828125,3.4693359375,0.098,0.21,26,4,104,0.1684489777109385,0.2942239957482928,2.261925805017443,-4.294240273096979,0.9506128059256996,0.9752968576992096,8.334094616639478,2.311576341085779,98.0,0.2879059045181712,0.7949316896984925,3.5498180307569296,healthy,0.3355703796163642,-4.177699090440425,0.5847521705309019,1.5730021383611117,0.0385526782822096,0.0039435087514811,-0.0158730158730158,63,47.86186394804831,2.1,0.5386705020834727,0.2726644079504801,0.4787225850233484,0.303375389232165,0.4400532728769481,0.3345741528240555,0.3333333333333333,-0.8251968011888633,-0.2855278262659222,1.301175632585935,1.103198180457237,0.4278060326682186,1.2109605481379322,0.8332524268828763,2.824615300158148,6.0,26.0,0.3107319823968315,0.0079642104577055,0.0085675449852238,0.8773294868855536,0.0763606397344347,0.2142401175284991,15.0,0.4465649425983429,0.3451482653617859,1.2232041358947754,37.9321517944336,92.30931436387836,4.933070055789301,65,1.2048231025772205,0.003325463350066993
f4,f4v10,117.1,3513,0.9940222032450896,0.9658411614005123,0.9447765442641616,189.80753588363928,5.755291378032937,20.97136721944861,667.0883736067832,43.75505888317922,199.22824697738545,0.34306640625,5.14599609375,0.122,0.238,24,4,96,0.1800680290283144,0.342831955055904,3.2103215188138434,7.471541048396708,0.9390757897934386,0.9683323207776428,8.079841584158416,2.3536271926926178,61.0,0.251505570413886,0.8518997005108931,3.342009840422087,healthy,0.3044264968882625,-0.5946077018478472,0.1782610589437246,1.2449752820448907,0.1268891947616644,-0.048075526506899,0.064516129032258,62,60.313247994849256,2.066666666666667,0.5485786898567958,0.2731054242225303,0.4918174561058498,0.308840295364838,0.4558192527883266,0.3453747769658383,0.35,-0.4461904715499976,0.0790879811594106,1.2513783076385443,1.4558469267655738,0.3914901534538603,1.1677461652789891,1.1201164636510947,2.8247967617376224,5.0,24.0,0.2982807639755939,0.010159410814009,0.0079599545736435,0.8905519817020158,0.0763909752600457,0.2295828159527778,15.0,0.4629983901977539,0.3195177316665649,1.415723204612732,35.29393005371094,90.5049898659945,5.2442239955021925,67,1.095785997899998,0.0025121503144096883
f5,f5v1,113.43333333333334,3403,1.0,1.0,0.9935351160740524,187.82113213023555,5.936403462240134,19.29959721995541,489.972449054835,40.53859008623273,180.8700506824289,0.33232421875,5.206412760416667,0.162,0.23,22,4,88,0.2109964419303567,0.4019483151813667,3.2349833248298583,18.305227903430445,0.8504210566066236,0.9294966202182696,4.401645207439199,1.5837357181762732,33.0,0.2725041967147762,0.8365970051012013,4.448067565489892,healthy,2.5579433404241563,1.3468491919435557,0.2408762075216451,1.3299567961893564,0.1572171269723899,0.0042449969678593,0.0,96,51.86784565810084,3.2,0.5356162433022186,0.2715810415743789,0.4752576858746835,0.3011533713824064,0.4354587583260997,0.3327668351103959,0.2916666666666667,0.3250678123492005,0.2728012319207066,1.1403763520224686,1.3756058659044033,0.3229717781849355,1.0242403492710184,1.045156115854041,2.836420925333793,4.0,22.0,0.3121869557827301,0.0096840333999252,0.0092733469053096,1.1596954275006497,0.1130428560729983,0.2566577374919291,15.0,0.4809980392456054,0.4058156311511993,1.1344702243804932,38.89461517333984,129.56811194290069,4.805024864818333,124,2.4067416325594286,0.003672900998434617
f5,f5v2,121.5,3645,1.0,0.9994513031550069,0.9838134430727024,216.1329520047236,6.783708596133872,22.348516794648702,424.0946098235389,46.11461576848791,192.71984805591364,0.1186523437499999,5.695312499999999,0.162,0.242,19,4,76,0.2396013934181146,0.4053434925268622,3.2737189038870063,-6.96479704496744,0.8829400749063671,0.9441666666666668,4.914323310102832,1.7491370005477629,34.0,0.2401652581933646,0.860844006695994,3.5842776772353213,healthy,3.721699097678193,3.43258059064481,-0.0341071962050618,0.4259923142482789,0.038930303205491,-0.0725009624021557,0.0769230769230769,104,56.31953760835165,3.466666666666667,0.5186833396471264,0.2726315773697838,0.458465847809694,0.2972391847414002,0.4202205578179848,0.3247940621887615,0.3166666666666666,0.2345075343815144,0.0755162723484063,1.1295370210477542,1.3366176138273969,0.3059016241166016,0.9828082779678764,1.0151906743643502,3.024790227560118,4.0,19.0,0.329097599355554,0.0077570008089602,0.008660669193629,1.133312909913063,0.0967044467788227,0.2838704234119469,15.0,0.4664540886878967,0.3991696536540985,1.0574698448181152,46.21269226074219,155.00582936939222,5.302113004688054,144,2.919127685679133,0.0033182267549550022
f5,f5v3,115.8,3474,1.0,1.0,0.9971214738054116,212.13338763130025,6.652291963919449,18.647943580042632,404.0747071580813,45.42709872408739,193.9961810387345,0.1130859375,5.5412109375,0.156,0.266,23,4,92,0.302550336044656,0.4569328998976161,3.28704801752442,18.85026561703003,0.8535320067402541,0.9352481208701744,4.1849451433896725,1.528052513359602,34.0,0.3182822538680541,0.8623352592424758,3.6360933380060607,healthy,1.834490724394365,3.1052921233505337,-0.2081235126235308,0.4926690335648791,-0.067576719720062,0.0363866783883452,-0.0384615384615384,104,54.3455953992418,3.466666666666667,0.5327178053302558,0.2721458860164363,0.47298397365021,0.3025485674134485,0.4332627139556608,0.3350275017337148,0.3416666666666667,0.0678628500213922,-0.0395150717831815,1.1194501550165874,1.4240974148926455,0.2393472016831553,1.0068811887599842,1.0827115154700102,3.0018044487330675,4.0,23.0,0.3168294840135515,0.0079463015766114,0.008511704072279,1.444305047402448,0.1300137232272952,0.3584541820732011,14.0,0.385989248752594,0.3775751292705536,0.7990158200263977,51.27101135253906,170.0216064504553,4.814719979355226,150,2.7673096939308364,0.003778209715536942
f5,f5v4,115.43333333333334,3463,0.9742997401097314,0.9558186543459428,0.9211666185388392,219.2406012824674,6.747491336302195,18.43440834341624,512.4341643250441,42.319068983748565,184.09001941760425,0.2254557291666666,6.200032552083334,0.142,0.252,19,4,76,0.2808174864102896,0.4681737250027025,2.9160742716476653,17.63637473630528,0.8135955056179776,0.911001872659176,3.9812996153531386,1.4106082917966574,32.0,0.3153704654331525,0.8289718318306312,4.104902955531569,healthy,3.054879355574282,-0.4418878260727664,0.4414607240533752,0.8732587270080732,-0.0073319873901926,-0.001798561151079,0.0,116,48.61487588016563,3.866666666666666,0.5292674898736759,0.2717497924821241,0.4694569801030552,0.3029343962004502,0.4323129320916568,0.3354234344476697,0.3333333333333333,0.0825800115119089,0.0844227690183484,1.1258566512374142,1.2365993721636304,0.2938933424635225,1.022260210017012,0.9287510515745612,2.940878121759811,4.0,19.0,0.3195122245516227,0.0073217540291561,0.008952427525108,1.3378016511274342,0.1139754669311225,0.3346285466620124,15.0,0.4996578395366668,0.4112023115158081,1.1336219310760498,39.30173873901367,226.83960460300503,6.382494465762467,167,3.09926444959257,0.004719292685303839
f5,f5v5,115.3,3459,0.9942179820757444,0.9664642960393176,0.9436253252385084,231.31043493463085,7.057999806871639,35.39304119709937,758.1476791716321,41.70866144833301,188.87358412842937,0.33779296875,5.855078125,0.19,0.224,24,5,120,0.272774412919344,0.4707277415109874,2.577605389667289,15.489912801697155,0.8618060381437727,0.936298355339356,4.823389021479714,1.6094829957334926,64.0,0.2141018968666089,0.8424047300854494,3.6507403624843753,healthy,-1.3250918921203492,0.4480568505776225,-0.2717697500684039,1.6156913497331642,-0.0360349955009634,-0.0252293577981652,0.0285714285714285,105,50.64461689533753,3.5,0.5723979249927854,0.2698721451144254,0.5146439290686758,0.3125837644010952,0.4768075137469524,0.3566863725711975,0.3,-0.1276233616802879,0.0675031253649123,1.1610003515411136,1.2413496199532892,0.3388651684618209,1.0599941369772563,0.981751492800906,2.8330558430112727,4.0,24.0,0.277887075287772,0.0081371219170265,0.0074426975678483,0.9755964884336868,0.0709211697753182,0.3197051508144056,15.0,0.4530462622642517,0.3896944224834442,1.226029634475708,37.363407135009766,271.8244303378888,7.191407366634162,168,2.413107590153045,0.005080401506376596
f5,f5v6,120.0,3600,0.9972222222222222,0.9997222222222222,0.9822222222222222,180.51252723360767,5.666365843845136,15.03385794897516,333.6439977793329,42.8169829391417,182.44436910563064,0.1171875,4.8046875,0.148,0.212,30,4,120,0.2450949339608885,0.4166051706669744,3.512037308876307,17.894191741943395,0.91377113736391,0.9617017990888734,4.997993579454254,1.75758845948001,40.0,0.2840357250793061,0.7993926889087866,3.47333875097085,healthy,5.584158612639292,2.8890486123936023,0.2802618570823134,0.5350039866070637,0.0084057452579646,0.0593412950948386,-0.0714285714285714,84,53.180726987598845,2.8,0.5283482101223261,0.2713387254671761,0.4682381352812014,0.2979812124492716,0.4290790701976812,0.3284608925764688,0.2833333333333333,0.3855444251696736,-0.0264805076092302,1.1707354817979343,1.3295168160044342,0.2714168430549256,1.0315023109520272,0.9886885554230987,3.0065247658818515,4.0,30.0,0.3233339588497828,0.0067945024709534,0.0074919380940168,1.1930588610274715,0.1218256561958,0.2969803227923687,15.0,0.4301352202892303,0.3339177370071411,1.1499416828155518,42.1295280456543,209.7114513504062,7.1251091939606415,144,2.083569445752985,0.006435872812244981
f5,f5v7,111.7,3351,0.9985079080871382,0.994330050731125,0.9791107132199344,196.00629623714528,6.19554059911994,20.6763142708833,371.4012896044607,42.49306048007949,179.16569477816256,0.6544921875,5.4541015625,0.15,0.254,23,4,92,0.2650357789442163,0.4601464522361622,2.975821348916143,18.61956726511321,0.8474354847870951,0.9294829316318608,4.312412157413914,1.5478530903821226,31.0,0.3433893708306791,0.8181386890171582,4.471329268846835,healthy,3.1217942128328384,2.805818994097778,-0.0892620765715337,0.7776497437422583,0.0419792704439594,-0.0021588204989817,0.0099009900990099,101,52.72356209725212,3.3666666666666667,0.5478486184988561,0.2718672737202938,0.489737872794098,0.3070171421941331,0.4528626370493357,0.3437362050258585,0.3333333333333333,-0.3103213655807343,-0.0816528343909658,1.1597847755808193,1.3349715640797104,0.2731738561244777,1.0276216693054003,1.0307841543690826,2.9278664482229013,4.0,23.0,0.3003294259587485,0.0086927667169307,0.0121458505925968,1.375465802567878,0.1397511172844532,0.3168143295642129,13.0,0.4742075800895691,0.4200850129127502,1.0239862203598022,46.85329818725586,175.8562026913346,5.43856405391577,140,2.456536812366861,0.004577387154997446
f5,f5v8,122.6,3678,1.0,1.0,0.9980967917346384,197.04699354606208,6.233215119642715,20.816972850084213,447.9162523795122,38.9178935697848,179.31694190526989,0.2394531249999999,5.267968749999999,0.158,0.278,31,4,124,0.2062565424286758,0.3943959237007517,2.741704988540332,20.68098724626355,0.8453378757670196,0.928146958053464,4.4,1.5589277003601316,27.0,0.2068263236099492,0.893817922679494,3.466980366006693,healthy,3.628866083696552,2.5845154210880232,0.0563491358991513,1.6160442738750138,0.0738433931604186,0.0413611029627457,-0.0444444444444444,90,50.730937126296766,3.0,0.5535777212082528,0.2705383203642835,0.4949328442969606,0.3041380666084665,0.456079723729892,0.3400266710035801,0.2833333333333333,-0.3095404729010686,-0.1848341756846671,1.1318784274308622,1.445985004629759,0.3323902578487515,1.0090022778336123,1.0985373707155697,2.824568399622735,4.0,31.0,0.2950847616227191,0.0067796717587136,0.0086486388032522,1.1595833889766134,0.1148237688207024,0.2515867620430695,15.0,0.4575032591819763,0.3932451605796814,1.0829405784606934,35.710899353027344,156.48616315872226,5.3411065648129785,149,3.122529969194448,0.004030290179935934
f5,f5v9,120.1,3603,0.9988898140438524,0.9922286983069664,0.9664168748265336,188.68931000035784,5.851574064406554,22.94968431122349,437.8180023807945,38.5654967221156,182.3608616160276,0.35185546875,5.3951171875,0.176,0.274,26,4,104,0.2155787483323337,0.3883597630243458,3.340448536916432,18.30774438267665,0.8590928181436371,0.9346531251193158,4.571548625052524,1.6239324249332805,29.0,0.2554726571296255,0.8290171667939006,3.6072277418674985,healthy,1.9381105355469388,-0.5551770984013495,0.3361235083578985,1.5515279604244163,0.2049978900032286,0.047723958764462,-0.0549450549450549,91,50.81465631483674,3.033333333333333,0.5430829256990112,0.2710037582817275,0.484178108505665,0.3025615088353935,0.4458917202859143,0.3366924893610443,0.2833333333333333,-0.2305822508520304,-0.0170929827276126,1.1724890316136791,1.3560519890327392,0.3420511625960686,1.0374510179138323,1.0448813329898168,2.8572637314780014,4.0,26.0,0.3057999807692274,0.0075688969015408,0.007676602250374,1.053341724060982,0.1023051708021511,0.2630454607370742,15.0,0.4636964797973633,0.4122326970100403,1.065927505493164,36.14197540283203,258.27260704795515,7.5609485521381075,140,2.010033770733022,0.0072541036000114975
f5,f5v10,121.8,3654,0.9926108374384236,0.9649698960043788,0.89792008757526,204.65475230210305,6.313993357473991,22.176206865624337,720.1296200853197,35.7828602816791,153.5302652996395,0.1189453125,5.8283203125,0.134,0.252,28,4,112,0.2518865764769942,0.4346293980993359,3.477819710811485,19.49158852100373,0.847772253469756,0.9307584512314514,4.514735322873505,1.6072988724653854,22.0,0.2295176717309171,0.8199435998558192,4.261753011291491,healthy,-2.36717669331084,-3.07171342080322,0.1789388812042333,1.6106714138608949,0.0883896437145808,-0.0154866966521984,0.0114942528735632,87,49.713520808198425,2.9,0.5648666076650102,0.268090635662828,0.5072505272279696,0.3032043708059356,0.4677609219019866,0.342402195230673,0.2,-0.32558600697321,-0.1331891713381244,1.1316805004495611,1.3526620189197909,0.3125395378137052,0.9865297386431544,1.0422248033820796,2.772412843323349,4.0,28.0,0.2858744421815624,0.0078380672753035,0.0103582005153,1.0526526353206698,0.0882784134859595,0.3030220398537908,15.0,0.4720163941383362,0.3622064292430877,1.275526762008667,31.64039802551269,308.78034269537903,7.600866955398271,177,2.7673350627334674,0.007372350544505677
f6,f6v1,114.93333333333334,3448,0.9625870069605568,0.919953596287703,0.8459976798143851,281.3907161925817,8.419359486920717,23.27324528099533,746.9918237201153,46.14836097447156,190.84621507829075,0.2244791666666666,7.4078125,0.172,0.268,29,5,145,0.2263400342654808,0.4000772657082119,3.734194832667744,14.639984131616249,0.8792006909547738,0.9398849717336684,5.736372349347071,1.907654784069972,72.0,0.52018106631247,0.6669129736020541,3.7560639629745247,healthy,1.2801361447364945,-3.138022301922156,0.5123984983253708,1.257607942773248,0.1379224730659763,0.0624159199939081,-0.0756302521008403,119,55.23719290400829,3.966666666666667,0.5694094943535213,0.2695168164471496,0.5111568035794917,0.3080021282944687,0.4727384593151409,0.3490219615208187,0.2666666666666666,-0.1578663646429778,0.109299776175549,1.0890973018896073,1.2616927785194334,0.4121134745854428,0.9856617129358924,0.9165691667866028,2.650381309507441,4.0,29.0,0.2781351598988453,0.0095457748393665,0.0099978294929399,0.987770541683292,0.072939338433539,0.2859084237071349,15.0,0.5088851451873779,0.3769140243530273,1.3271292448043823,38.89984893798828,241.9326277858497,7.185133489216771,100,1.1799844734857543,0.0030554481124593063
f6,f6v2,125.43333333333334,3763,0.903534414031358,0.8046771193196918,0.761892107361148,269.512140538872,7.496810618475377,18.29744705696632,699.6825147091747,46.34491971956616,203.977761165082,0.2449869791666666,5.757194010416667,0.108,0.244,33,4,132,0.285729419422091,0.4418466310069551,3.5693885695638943,17.900036178316377,0.8739245532759762,0.938772530852182,5.002696955552098,1.757746116106942,49.0,0.4721878725280259,0.7037968978856048,4.44334045566821,healthy,2.569005502225705,0.4135144309420505,0.3239325826056955,0.866425639836176,0.0138197661772584,-0.044169776119403,0.0517241379310344,116,50.298531618472026,3.866666666666666,0.5768021493882309,0.2695272453406648,0.5203994720306144,0.3125801107638229,0.4836773242743327,0.3560052434954367,0.2916666666666667,-0.8377887109653116,-0.033980702654302,1.200461328326592,1.3732405439443642,0.3231849736304162,1.1123466151852093,0.992861651524028,2.969498982712211,4.0,33.0,0.2680062054053933,0.0118476200500523,0.0071007041195674,1.2253144984031743,0.08705622917593,0.3566643260670846,15.0,0.4378862977027893,0.4021365344524383,0.9882433414459229,48.45939254760742,73.58312709941103,5.009931898155025,63,0.94660620141979,0.001013028289807191
f6,f6v3,128.83333333333334,3865,0.9932729624838292,0.9448900388098318,0.9221216041397152,223.55531449221647,6.639870111108449,23.92057831232665,595.5752735818295,39.79870615928972,171.6431165360973,0.6290690104166667,6.164876302083334,0.162,0.242,34,5,170,0.2236100669940114,0.3519686567532396,4.05713393132451,14.02116037011148,0.9227524439735312,0.9612062933567902,5.730008342271481,1.927290938135371,62.0,0.312690647538787,0.8389703979455736,4.248883967605835,healthy,4.404395579311152,0.6111496512714466,0.3806645229353692,1.2984171033515723,0.1056151711004438,0.0305121705848963,-0.031578947368421,95,49.47097499057977,3.166666666666667,0.5399502893477142,0.2721774235625799,0.4799707405375709,0.3011166632009373,0.4401096000867668,0.3317515822095482,0.3,0.7797337010763143,0.3278400337039057,1.1919407953141914,1.3524157303792324,0.3287880250226954,1.080698579379486,1.0149233876005277,2.8056399385968644,5.0,34.0,0.306036727628141,0.0056437023562205,0.0106183676583246,1.0915965600043638,0.0994213023878778,0.2830009901826514,15.0,0.451769471168518,0.4154891073703766,0.978341281414032,41.75494766235352,321.10710324193013,8.05612668140816,166,1.9800141774967772,0.00642510035609906
f6,f6v4,123.0,3690,0.9983739837398374,0.9872628726287264,0.9623306233062332,182.0183499527058,5.454857233078254,16.2007798015172,535.2360952368871,46.52671947189143,197.92232734235856,0.1201171874999999,3.2431640625,0.118,0.186,26,4,104,0.2074677821470967,0.3165492906612828,3.1881373502749244,1.0617464322473813,0.93434767668283,0.9672979267687374,6.967684268426843,2.2173911488651226,53.0,0.2859852430735288,0.82777233561904,4.050039619538298,healthy,-1.8681346670380223,-0.9169001322402128,-0.1871688475040279,0.4338613820394394,0.0390449711659226,0.0131111598333698,-0.0158730158730158,63,62.1340976858382,2.1,0.5134523417862956,0.2710478711454344,0.4518631178782341,0.2931470085928997,0.4123379458364953,0.3195376446589301,0.2916666666666667,-0.949917549169055,0.2157659667108752,1.282357320199355,1.5384381098808793,0.3396573642131953,1.189710343811392,1.161703730553204,2.954092074333939,6.0,26.0,0.3327265929283022,0.0098811790679513,0.0067912519450075,0.9525976730448672,0.0839322371533155,0.2614680528574167,15.0,0.4317143261432647,0.3934741616249084,0.9320312142372132,48.83407974243164,262.3434344845973,6.910883067953359,127,2.103557786291824,0.007918444073761117
f6,f6v5,130.0,3900,0.9982051282051282,0.9792307692307692,0.923846153846154,197.74189121125823,6.152503760857267,15.487661482171088,343.1458269253287,41.5693766439064,188.08936091002897,0.126953125,4.443359375,0.106,0.214,38,4,152,0.185509827043291,0.3088751261595321,3.690699503645897,6.26275931085859,0.9371286444659388,0.9685840620620224,6.955982421321236,2.19218614749832,58.0,0.3272978431465758,0.8821491847988374,4.048726880734943,healthy,0.7022379803176004,2.4560183066502423,-0.1878222246536461,1.597080412921371,0.0396474729968802,0.0245912678104882,-0.0256410256410256,78,48.50258054128204,2.6,0.5521217815098914,0.2696665942063549,0.4931622173295572,0.3041126626912875,0.4546913436564034,0.3390654039702439,0.225,0.4410914870409217,0.3372452482119364,1.2912325402788902,1.4226670238422936,0.3448020177931384,1.1966614203219978,1.0507068713253094,2.7243392237316457,7.0,38.0,0.294976746183586,0.0072050479696244,0.0103316072201757,0.8973344213196667,0.0706557395035762,0.2355541917698284,14.0,0.4568316042423248,0.3743425607681274,1.190782904624939,38.46689224243164,182.66313355781315,6.864112602590543,119,1.575813957686608,0.004671469704854924
f6,f6v6,128.2,3846,0.999219968798752,0.9963598543941756,0.9422776911076444,200.11444635440748,6.176611843680904,14.23963828951782,368.2241337179251,47.688633911136336,215.76800910296205,0.3755859374999999,3.755859375,0.116,0.242,44,5,220,0.1600166539196299,0.2704152582500607,2.996265385603322,6.484881727737287,0.9619830943896578,0.9809293942156294,7.986421523150882,2.348872144582699,64.0,0.4023987323441038,0.7809346225562753,4.619991714948418,healthy,-1.838656522021831,-2.0271117929977835,-0.3492179814081934,1.159403978363919,-0.0701071309783674,0.0499330617825505,-0.0526315789473684,76,51.90480843606377,2.533333333333333,0.5554151885290896,0.2706906087587591,0.4984805937702324,0.305172451302611,0.4610094157133073,0.3425073367290402,0.275,0.6421300152575022,0.662008330339685,1.334721765853285,0.9536539428696792,0.5347624971728772,1.2371380437597572,0.6835191896469694,2.916058165591881,6.0,44.0,0.2880134107998268,0.0095162147648153,0.0080386855413563,0.9120089767347528,0.0741938748018763,0.2162504347704336,15.0,0.5097700953483582,0.3965801000595093,1.2011293172836304,43.4034538269043,234.7887620055018,6.616190087664879,85,0.9805246058069834,0.005863007132378887
f6,f6v7,130.6,3918,0.9920877998979072,0.95635528330781,0.8683001531393568,175.6810290055518,5.330155035185267,14.37717431042278,403.1295618946473,51.377645419011536,209.25495713265337,0.1275390625,5.356640625,0.082,0.17,33,5,165,0.1531379969226855,0.2395386370006398,3.6319608711469593,2.970035753785765,0.9669141799215656,0.9837556984452452,8.678784685634001,2.40160513071032,75.0,0.3031238259988764,0.7905648523616425,3.5260349817523986,healthy,-13.933003284307215,-10.138238237341604,-0.3859076614283381,0.3959259620149211,0.121850862351317,0.0357815442561205,-0.0476190476190476,63,57.90165553139937,2.1,0.549825443763811,0.2691893691595224,0.4898429592311407,0.3017487886673988,0.4503716907913721,0.3364797295009629,0.2916666666666667,1.499939731202833,0.2410783294179004,1.243349479575522,1.17375912670084,0.4699257365964761,1.1248872158432612,0.8548890964166431,2.9887591856902547,7.0,33.0,0.2998765790240746,0.0066781375737625,0.0096635143566061,0.8308887007059035,0.0766362692703014,0.1985079748916614,15.0,0.4170562028884887,0.3256848156452179,1.2044581174850464,41.20133590698242,287.7392466688677,7.127311041703235,138,2.491784985157329,0.009322864435468987
f6,f6v8,126.13333333333334,3784,0.9402748414376322,0.8625792811839323,0.7653276955602537,208.2662096105404,6.130521649233904,20.18798009280204,555.6416055263485,48.83231222583986,211.03190797923745,0.36953125,3.4489583333333336,0.09,0.18,26,4,104,0.1810279870858774,0.2995997509661334,3.254569998305364,4.370172469601989,0.9429384139589936,0.9707533122064832,6.663608963438605,2.1556399811551694,48.0,0.3882938042122671,0.7883318783781273,4.359780970454819,healthy,1.8024161438771087,0.0512677214648055,0.0503244041195204,0.6295144452464059,0.0711254606971999,-0.0198639929746637,0.0133333333333333,75,53.50972386573827,2.5,0.54505127661182,0.2720306144272091,0.4868931256664978,0.3033999559507297,0.4491154400134581,0.3368489985618706,0.275,0.1600015688794278,0.2736654145265203,1.3420987614266775,1.275170087350585,0.3640914101411338,1.237506495030096,0.9520382479661762,3.0052365092121587,6.0,26.0,0.3016961025342395,0.0094661979655936,0.0069476311297276,1.0150471064483104,0.1020966502863582,0.2272484871119494,15.0,0.4733805954456329,0.3988194167613983,1.0568968057632446,45.55817794799805,259.58320931626315,8.631442426448327,118,1.160134971708895,0.005984652958373948
f6,f6v9,128.7,3861,0.9994819994819996,0.983941983941984,0.927997927997928,178.38493975749617,5.465589035908796,14.945810279539234,369.8762226483868,53.47294715652949,228.94072187772943,0.502734375,3.14208984375,0.114,0.204,37,6,222,0.1597345442571233,0.2994969614267542,3.959024300528341,0.47833734464791,0.9587335836843088,0.9792526815909044,8.242207281934864,2.395869023716432,91.0,0.3758558978542557,0.7704447075722577,3.657714001488665,healthy,-11.265234204901676,-5.730419149180344,-0.1924552714772242,0.288313221655458,-0.0873511068814059,-0.0337865585496792,0.0422535211267605,71,58.22352537344076,2.3666666666666663,0.522934275303913,0.2703295776847966,0.4618348007438264,0.295473805822698,0.4227563412481687,0.3235701071924697,0.275,0.8241679290877045,0.1175373290086682,1.3083640311410083,1.0644124921805598,0.3564746483953586,1.2303005615300902,0.7711532090927988,3.0446972867117474,6.0,37.0,0.3287010406946557,0.0094315122169836,0.0070017945520923,0.7902733531267631,0.0585307878385964,0.211911740525155,15.0,0.5247766375541687,0.3592350482940674,1.2392998933792114,51.71304321289063,197.4817094507316,5.913908374605844,97,1.9300023913923572,0.006205981917398705
f6,f6v10,124.0,3720,1.0,0.9954301075268818,0.9809139784946236,170.72984146187787,5.304297377009514,29.64580216085768,491.0722298676629,41.8171644838382,178.20628756482,0.2421875,3.75390625,0.126,0.208,28,6,168,0.1806965482535625,0.3019518826278413,4.217420139487688,3.62644205464945,0.950470144337306,0.9743666526921004,8.949665352525901,2.499216003843627,106.0,0.2084510915810997,0.8555533866874878,3.4966983623866983,healthy,-4.396829899131991,-4.1917395175047965,0.1084987028909508,0.8787593384985111,0.0984855152661765,0.0546800850282774,-0.0571428571428571,70,45.81390485417674,2.333333333333333,0.5206183610080787,0.2723702951755044,0.4591703600934196,0.2961765983000182,0.4193621445742314,0.3221431014440591,0.3166666666666666,0.4188728447289303,0.4728927471406776,1.3155542217642566,1.2023199528191255,0.4703134788203134,1.222115643065142,0.8718768206278198,2.90285166350298,7.0,28.0,0.3265624759567046,0.0049550552782648,0.0073203875950096,0.941299948984601,0.0782076214855543,0.2322030551808308,14.0,0.4790005683898926,0.3629470467567444,1.198603868484497,39.42808151245117,175.81224220662028,6.185303924432481,123,3.000981804301499,0.006031568141404701
f7,f7v1,121.3,3639,0.9925803792250618,0.9991755976916736,0.9997251992305578,171.82039110751495,5.309058919498378,19.92405999672749,540.8606461276357,48.60805885199536,207.727546468198,0.8291992187500001,4.14599609375,0.172,0.232,32,4,128,0.1998697310728742,0.3393622112647683,3.463466405862227,10.08481051156812,0.9321389056039754,0.9686705359395928,5.761805796097448,1.971360282808444,55.0,0.2506188947589917,0.7854121823193988,2.525474582177755,healthy,7.530030163252126,7.119756009223141,-0.3272713970001897,0.5434427212576884,0.0706805187355526,-0.0098391432350556,0.0153846153846153,65,66.3217348476637,2.1666666666666665,0.5156296243848105,0.2708285723178738,0.4536508515843663,0.2952998593140941,0.4131195850812661,0.322219752114061,0.3333333333333333,-0.5668327952256265,-0.0032188531450386,1.2461622357049444,1.3618794523925293,0.3701417895304947,1.104436451889204,1.0272928513715036,3.0179222540120643,6.0,32.0,0.3343521136785067,0.0069535633237232,0.010376776149634,1.1113647407501308,0.1177300240580736,0.2357711008206374,14.0,0.3777994513511657,0.34998819231987,0.8833640813827515,48.57352066040039,154.5407936275646,5.020856055819059,122,2.4593131188187254,0.005234723314683079
f7,f7v2,116.5,3495,1.0,1.0,0.997997138769671,317.4457828420342,9.826950921358934,29.3001088197876,534.1943512002597,46.34500896589613,214.1350661530832,0.2275390625,6.37109375,0.148,0.302,25,5,125,0.2097858623421971,0.418126683203321,3.0578628112769333,17.186871612355826,0.8372660227250731,0.9292793403147442,3.971500661813369,1.4507868105044963,34.0,0.2892678858754391,0.8414215118523666,3.476725386207293,healthy,3.63595233045261,1.5927860484031449,0.1282486289087426,1.2559850720485937,0.1301821409976703,0.0099788327789536,0.0,116,58.23491307333051,3.866666666666666,0.546498450775225,0.2708179025245615,0.4885589750179108,0.3054896148605331,0.4501433822484705,0.3427892552939737,0.2666666666666666,0.2731663615346739,0.2174037544715344,1.0970241088662531,1.3657153565044062,0.307033265520384,0.9653647882262808,1.0620454019316208,2.844584934130659,4.0,25.0,0.2967626930636922,0.006838608918259,0.0076331354939025,1.0999881188178808,0.1033683721888057,0.2553631561486461,15.0,0.5408898591995239,0.4598302841186523,1.1343910694122314,41.40268325805664,109.6032049134874,4.488428180881729,103,2.6477678248695597,0.0010876373913583743
f7,f7v3,118.13333333333334,3544,0.999153498871332,0.999153498871332,0.9994356659142212,309.7137046981458,9.5919453790297,26.898045845948925,627.5644442024621,44.93564418524954,205.493223753694,0.3460937500000001,6.345052083333335,0.174,0.29,32,5,160,0.1920160997646313,0.4045525720593432,3.378805499652388,17.472425573591234,0.8269379652605459,0.9218858560794044,3.962964543243589,1.407431924804735,20.0,0.2604755368489664,0.8726153846153846,4.281142897843896,healthy,4.025941519218436,0.6510460743816661,0.4357939134904219,1.3992505703586824,0.1183413009038406,0.0507892720306513,-0.0427350427350427,117,54.21650513752709,3.9,0.5506200756420401,0.2725932724878293,0.4946926129731467,0.3068768110207221,0.4557415403577837,0.3453715324840874,0.3,0.4526108557708124,0.4221146420094492,1.1093997981029486,1.618035053559031,0.2871746246496836,0.9875567974779192,1.2423929331504155,2.8480934976592165,4.0,32.0,0.296098374425097,0.0080975713358124,0.0079188835225496,1.115182659275122,0.1144708493008361,0.2291546006469136,14.0,0.4933664202690124,0.425546646118164,1.0779681205749512,44.44317626953125,112.32160251878015,4.334172374427115,110,2.7007786406102805,0.001170961037878399
f7,f7v4,115.0,3450,1.0,0.9994202898550724,0.9979710144927536,295.20938897920587,9.060919990715051,40.29012936385247,751.2192908959457,46.221469611066944,204.9943136339358,0.224609375,6.2890625,0.148,0.244,22,5,110,0.1246303492935749,0.3740133087368589,2.24663328370311,0.6832236835441851,0.8824115786446851,0.9402281223042268,8.697047610603777,1.535501529841679,196.0,0.1271290965919745,0.9210776123936816,2.4102777053861293,healthy,7.316090193324581,6.096580136393496,-0.0350260742090847,0.9022367600114628,-0.0680287635345603,0.0331001801852929,-0.0105263157894736,95,61.43506141343416,3.1666666666666665,0.5624495775253417,0.2713736668462018,0.5041174096094452,0.3114291143968303,0.4672258506707916,0.3510797295823002,0.2916666666666667,0.2033290876759826,-0.0895207549422371,1.1275804132690304,1.9658565301336783,0.3457030149579676,1.025857469035309,1.6987550064716808,2.847735910339752,4.0,22.0,0.2849374818685659,0.0073353187815019,0.0091208482990614,0.4088904783541578,0.0287265457634933,0.1407774548670487,15.0,0.5540616512298584,0.3829150795936584,1.7722415924072266,16.434640884399414,130.83833834789513,3.592279100997012,113,1.8886394685355592,0.0015013249020380355
f7,f7v5,118.53333333333332,3556,1.0,1.0,0.999437570303712,280.3279518076829,8.655321043052773,27.754871504148177,462.136520503793,42.38089088974561,204.5322424810168,0.1157552083333333,6.598046875,0.184,0.266,26,4,104,0.2143998522370604,0.4235753728606406,3.091039143383304,19.712152062522048,0.796113168645718,0.907659119544882,3.988674496644296,1.4573149672897718,28.0,0.2944940652420241,0.883536284350831,4.566359130954361,healthy,4.314856033147866,3.070991838069533,0.1773479337112035,2.1123494257116784,0.0028643226243586,-0.0379886644383083,0.0578512396694214,121,48.46197033128654,4.033333333333333,0.5569999069071864,0.2725852923052049,0.4996352029520234,0.3112796150871811,0.4614230539155637,0.3501169400682335,0.3166666666666666,0.1661227846776117,0.1248370484542636,1.11667152193533,1.577457499149146,0.3235022101777807,0.9997947327058412,1.2556656149677723,2.697774147402227,4.0,26.0,0.2919581510136807,0.007657780725625,0.0105830777654689,1.0094411500601803,0.0883509959465106,0.2533993703104793,15.0,0.539545476436615,0.467626541852951,1.249434232711792,34.953887939453125,63.70086100178162,4.036599093113537,70,1.9303267339942063,0.000810611003393541
f7,f7v6,118.03333333333332,3541,1.0,1.0,0.9985879695001412,257.96278094326885,7.965503990797925,38.02806213703113,760.4690965105084,40.95168692729041,190.6046682535373,0.4610677083333334,5.878613281250001,0.168,0.236,34,4,136,0.1745610166332349,0.4022178562482641,2.6857695526416583,19.565410427630898,0.8609018153425727,0.9345012687878196,5.276008375578576,1.7791368577553224,60.0,0.1943743147448845,0.906221878073792,3.924441266597004,healthy,13.227098095076434,5.5360089049884,1.0233252727851037,2.510110974254141,0.1773051961782076,0.0300111789491787,-0.029126213592233,103,49.3528016181009,3.433333333333333,0.5479615666063329,0.272191472757423,0.4904500192849566,0.3094220452042315,0.4539036638181813,0.3469752758019268,0.3333333333333333,0.7967576358596544,0.6948518468060426,1.135673075405341,1.6708061059013768,0.3718733960607829,1.0255124177466333,1.3776752555739078,2.695175752020499,4.0,34.0,0.2961332614467292,0.0069709490233491,0.0088009699657713,0.6888310278721576,0.0561583953456344,0.2048460471185119,15.0,0.5807438492774963,0.4464460015296936,1.2221274375915527,34.85363006591797,61.780323728598944,3.82002255248824,74,1.81513237082581,0.0009284020256342125
f7,f7v7,116.1,3483,1.0,1.0,0.9997128911857596,204.9484936899324,6.401737425285118,32.04121729528369,608.9435902715106,36.92433383118138,171.95060032728935,0.453515625,5.78232421875,0.108,0.312,37,6,222,0.1338703104647505,0.3058945099337324,2.3984733781974588,-2.615511566183258,0.9257038527770286,0.9656424407145376,7.296284684119768,1.8256900088082912,40.0,0.1043128708012675,0.9495895895895896,2.362685574665949,healthy,7.41310435482538,0.0734294038498693,1.541653902323936,3.2777103458076056,0.2761533268260864,0.0183544303797467,-0.0408163265306122,98,34.49264860397157,3.2666666666666666,0.5680736313502651,0.2694734765200937,0.5107499737280583,0.3113769427908357,0.4723658586155235,0.3540748178106215,0.275,-0.1975166166799981,0.3690753245846857,1.222971100755741,1.8169795526501475,0.4240711807872335,1.1257760185890031,1.513260122353929,2.521806387352595,5.0,37.0,0.2831895283542147,0.0082683256585873,0.0078769387460311,0.6136154438254339,0.0491019491841115,0.1649716503425955,15.0,0.4137910902500152,0.3674812912940979,1.596400260925293,20.76678466796875,83.0690109377977,4.421229269205534,88,1.8630604653019571,0.001977650657974212
f7,f7v8,116.0,3480,1.0,1.0,0.9982758620689656,191.5874765022116,6.0072048558837725,19.07004986003617,383.7724233323407,33.15654195369181,148.197556419302,0.33984375,5.4375,0.154,0.234,22,7,154,0.1845200085472549,0.3714752580335099,3.401143318925332,3.208887605106125,0.917371708705622,0.9612160986795288,5.545532303130524,1.8861412935635813,62.0,0.2261693746390679,0.8855107713690062,2.895872050355546,healthy,3.20295933742029,-2.0830643611634283,0.9667747248218528,3.5762770201096714,0.2658430229787417,-0.0186879570424275,0.0227272727272727,88,41.18020374122295,2.933333333333333,0.584771309468417,0.2685047905060349,0.5273911433400522,0.3141950352989369,0.4885947606722994,0.3606270323985715,0.3083333333333333,0.2294457954921904,0.3773749779843897,1.1453594141221697,1.791203155195069,0.4056360507065238,1.0271898464211582,1.4802569414633304,2.56854571020274,5.0,22.0,0.2630982934912081,0.0081776358206371,0.0121009037193329,0.759072651099301,0.0581527886632028,0.2249814852799604,15.0,0.4812871217727661,0.4451803565025329,1.1086159944534302,24.082195281982425,113.80497047832596,5.283456613189937,117,2.7972789103937434,0.0031004661640321226
f7,f7v9,120.23333333333332,3607,0.9994455225949542,0.9997227612974772,1.0,187.6869624746128,5.892642404811147,21.50886179012908,448.1212868755805,41.336904776616805,187.12647924893264,0.7044921875,4.461783854166667,0.166,0.272,38,6,228,0.1581332468732075,0.3399419797002321,3.4342351072397133,-1.0589436696928984,0.9320080848492426,0.9704527932320643,5.606476465631396,1.9117549104030576,48.0,0.2152412520632944,0.8617822340339857,3.2518393898077265,healthy,7.987683873403554,1.0636546124229358,0.7480573182496822,1.841546196853339,0.1115187546562642,0.00191995056679,-0.0123456790123456,81,47.736351799603895,2.7,0.5463682597183513,0.270548368576432,0.4878318424158505,0.3020737257233288,0.4489928603620963,0.3364738065254279,0.2333333333333333,-0.1313415780882809,-0.0933639971201088,1.2202960821976092,1.6555616042348276,0.3829449433594788,1.0996102305557218,1.307206437883586,2.707093375327726,6.0,38.0,0.2985326771508578,0.0088508778497202,0.0091058609782548,0.7103508771671849,0.0673893708159027,0.1881684892105259,15.0,0.4811328947544098,0.3349025845527649,1.2435671091079712,36.96450424194336,152.92322156511517,5.153092431410141,134,3.593633416807614,0.004341154345544221
f7,f7v10,120.33333333333331,3610,1.0,0.9997229916897508,0.989196675900277,263.5505363426246,8.151509941276844,33.11530973425229,575.9977892431908,42.13277436632215,196.5696592768469,0.3525390625,6.228190104166666,0.15,0.232,23,4,92,0.2368622667762677,0.4420851734678477,1.466338233049182,16.242831413708043,0.8317019141564269,0.9177442868773312,5.002580112492905,1.749787270405401,24.0,0.2073013859759448,0.9124324324324324,2.608953098345386,healthy,8.728762909247681,0.771189620980056,0.9181414985757091,2.3210647113049045,0.1619068676507969,-0.0265758999951548,0.0416666666666666,96,50.4537909816892,3.2,0.5829397718447634,0.2680040353801565,0.5269044526656477,0.3121165336342617,0.4904430116122544,0.3578064730610152,0.2333333333333333,0.2721664610604536,0.2777980681359733,1.1614241337144844,1.8248473970391328,0.4084239758287914,1.061395956336593,1.5579158247903688,2.6737777606551747,4.0,23.0,0.263068211768196,0.0068487462640445,0.0093766057777977,0.9658162940519814,0.0782164968225887,0.2762185273512771,15.0,0.6179307699203491,0.4673032164573669,1.4021313190460205,34.81557083129883,76.06088969322519,4.300077930002895,82,1.880104221266146,0.0010950490994365068
f8,f8v1,128.53333333333333,3856,0.9997406639004148,0.9976659751037344,0.9512448132780082,154.99125478862052,4.798128816606883,24.79570726664756,577.0863785370409,41.63985447368761,193.4283884632556,0.3765625,6.527083333333334,0.17,0.242,30,5,150,0.1192299780365916,0.2827383921191533,3.810653109874005,-3.810003818847256,0.8042578356002366,0.9099349497338852,4.7785714285714285,1.690453698665289,29.0,0.1899932971600168,0.8514884210961224,3.3052540507355483,healthy,-4.634936196635159,-1.822200137769109,-0.1655197641092798,2.260268852196159,-0.2175386603020729,0.0572169185054055,-0.0588235294117647,68,68.36905375923622,2.2666666666666666,0.584348111974226,0.2640705516777329,0.5269013126512021,0.3038607171843654,0.4873600932795957,0.3468250458458748,0.1583333333333333,-0.5552600714546073,-0.1412294518954957,1.1125030323736291,1.5092077066570666,0.397689624588275,1.0031303532181073,1.202437514273706,2.713904340448216,7.0,30.0,0.2622808876007754,0.0097762443914435,0.0103336565149338,0.7722040987754422,0.0794306277557583,0.152097199033517,15.0,0.5017086267471313,0.4652138352394104,1.168608784675598,35.745662689208984,235.96738195616732,6.948151386462192,125,2.297075251019244,0.009822851659034402
f8,f8v2,121.8,3654,1.0,0.9989053092501368,0.90311986863711,98.81923820876104,3.038412606542705,13.853309738196124,317.17490522623626,58.05833804588305,238.7291784835541,0.237890625,5.471484375,0.062,0.18,33,6,198,0.1421813828115598,0.2660917542168586,3.9345605471667855,0.4051782479527154,0.9306223998694836,0.9646484215678276,8.459715639810426,2.334774504454226,84.0,0.1393515786795996,0.9172494651966432,3.24220639809466,healthy,-38.320477898693625,-39.867195535078594,0.647508415882048,0.4373745968484055,-0.1463809718489601,-0.0200006413888205,0.0188679245283018,53,62.90087787919498,1.7666666666666666,0.5772027522060161,0.2679545532613281,0.5216463391992957,0.306869541305474,0.4836942900296457,0.3497114060348206,0.2833333333333333,0.2764671743832994,-0.0932667290066236,1.302802623246824,1.417566811611752,0.3961773600741322,1.227798427141721,1.121069426936559,3.105554047861475,10.0,33.0,0.2708420639679749,0.0080527971291841,0.0090559800268961,0.6934808103456084,0.0667525778470827,0.1736551545993664,15.0,0.2716239392757416,0.2461948245763778,1.0303564071655271,39.04729461669922,27.126978184209573,2.2967525931359205,40,1.0454253229831985,0.0027779115589999055
f8,f8v3,121.83333333333331,3655,1.0,0.9980848153214774,0.8637482900136799,59.106750699029575,1.8287106004974,7.216617895913047,149.3754801081502,57.120395362606594,213.89963285573623,0.1189778645833333,2.974446614583333,0.032,0.186,48,7,336,0.0909148542208621,0.1657876308253527,4.331418266176779,0.3021614054438432,0.9728583354014846,0.9863840444013268,14.931523224043715,2.8999448388428943,180.0,0.1834079845753219,0.9008253202008798,3.25529267310385,healthy,-34.756180456225295,-38.47143587814262,0.5056247942534188,-0.4945235282236413,-0.1145639797162183,0.0252237591537836,-0.0714285714285714,28,69.11830292102358,0.9333333333333332,0.5482531874657974,0.2674289204991604,0.4857822652868532,0.2978544545455467,0.4437735792371322,0.3326479571765796,0.25,-2.608210195783367,-1.684097557345858,1.3669501828023594,1.6378522283851762,0.4629721166027256,1.301595547274958,1.2575726072179132,3.106317608711435,16.0,48.0,0.3034163491959909,0.0070795442600659,0.0093093372977544,0.4136455004105361,0.0349303778120418,0.1116054806090306,15.0,0.0885253548622131,0.1090147122740745,1.3688137531280518,38.45543670654297,32.49035595965425,2.5515242029586696,37,1.6090960889056658,0.009299943257062255
f8,f8v4,114.5,3435,1.0,1.0,0.9705967976710336,109.8662858662238,3.4268699141221832,15.919161984721248,421.7117579168336,60.01936093535991,224.8170094825752,0.2236328125,3.3544921875,0.072,0.146,34,5,170,0.1795832351714961,0.2545938433109103,3.8196474356817336,2.850737064883242,0.9651346434497512,0.9823574098878473,8.398307981541617,2.4378016526839184,76.0,0.2088451799581861,0.7814920897329924,3.959011981395912,healthy,-37.616276188554366,-42.26956796778893,0.6632419252539485,-0.1085722711069805,0.0315425902889052,0.0181364796065619,-0.0196078431372549,51,67.08305908716459,1.7,0.5070713638514802,0.268559361791758,0.4449931290788244,0.2914235075475122,0.4055389087681946,0.3160921725741523,0.3583333333333333,-0.9402877865390916,-0.597111214583524,1.3306048053487167,1.3270132150364429,0.3731041888402451,1.2388417259409812,0.996810226646291,3.215658230905543,9.0,34.0,0.3256018042334378,0.0084706753757561,0.007531095915747,0.9665800462553396,0.1015364145102325,0.2186945803109923,15.0,0.3557899296283722,0.2950507402420044,0.8185116052627563,51.98041534423828,92.08439235449248,4.492619443889112,74,2.081457057651892,0.007628816005833023
f8,f8v5,122.73333333333332,3682,1.0,0.9991852254209668,0.9807170016295492,142.54297867596685,4.404358821096308,21.969496922125835,478.3053631455688,52.83521235266089,216.1275828627953,0.1198567708333333,5.153841145833334,0.118,0.252,33,5,165,0.1569350042720694,0.27454156150498,3.999091571716329,3.999105001918058,0.9440208627794476,0.9730057930045986,7.188851301662009,2.231619132937757,64.0,0.2868751049327153,0.844320171722307,3.5738154542466214,healthy,-7.026470055406154,-4.050912859603351,-0.2470130523859008,0.0237795220333545,0.0704374036321662,-0.0320082013896799,0.0344827586206896,58,81.03567648619452,1.933333333333333,0.5261514620188334,0.2712773538393042,0.4654123282058137,0.2961836558851879,0.4242043807674149,0.3245251836881129,0.2666666666666666,-0.900918125111812,0.027778967635037,1.1575421063932652,1.479800463077062,0.393419405961945,1.065353552441055,1.1222471696525034,3.1083207030774505,7.0,33.0,0.3236196291879353,0.0072793822836871,0.0086075178185092,0.7805166261002991,0.0824300292766028,0.1879817460550045,15.0,0.3423404991626739,0.2907866537570953,0.8781189322471619,52.82216644287109,129.4512337840981,4.742478781842202,97,1.7934188450387945,0.006371101650196365
f8,f8v6,120.5,3615,1.0,1.0,0.9659751037344398,127.27663116667075,3.9519347123145625,17.318918620053832,402.6571482095511,66.44716003633359,244.7959727257958,0.470703125,4.236328125,0.086,0.126,40,5,200,0.1576841925718118,0.2606224634346761,4.670086785218739,-0.7365496165935722,0.9479230486459992,0.9735530776457132,8.831233790292702,2.4338381809060827,178.0,0.2156344050359092,0.8918977769859652,3.089740563148008,healthy,-34.446881934364576,-43.05690131905969,0.715006298981824,-0.4048528865097833,0.0681984059905363,0.0432342233009709,-0.0454545454545454,44,86.30045068534122,1.4666666666666666,0.5542659408604682,0.2669891710247292,0.4945129865837895,0.2998566514661006,0.4550877842229357,0.336193878824264,0.2666666666666666,-0.3887661503778266,-0.3592581079284401,1.2961323892371717,1.578990877303844,0.3847397687753338,1.2213617900611802,1.226729768447835,3.2022932394653507,9.0,40.0,0.2878593262068089,0.0075490676185778,0.0073734148454114,0.84584802945494,0.0873966852685737,0.1888632223886276,15.0,0.303894579410553,0.2551477253437042,0.7757212519645691,70.47865295410156,41.228432493852864,2.171070806414543,49,1.380924771624192,0.002545068524588175
f8,f8v7,111.83333333333331,3355,1.0,0.9994038748137108,0.9728763040238452,91.33844671759422,2.8637946270951824,12.75423179664765,295.0661341172073,57.523221917799525,233.51969404698383,0.4368489583333333,4.040852864583333,0.068,0.13,36,5,180,0.1345565184894288,0.234031073765502,3.683304117746613,0.4920277394917737,0.9494040428444874,0.97643351856326,7.652465483234714,2.2709700537991555,112.0,0.2321696839633098,0.8267509422110553,3.6951836312906825,healthy,-28.34526585358985,-29.91083757943332,0.5228630455012808,0.1268541790199862,-0.1696134864792928,-0.0546635515567264,0.0555555555555555,36,76.01588198915177,1.2,0.5574704873977753,0.2659646381120867,0.4960356244885343,0.30044385219187,0.4547517300336458,0.3379614978526958,0.225,0.5262801597729567,-0.4390777001958956,1.3505970677425525,1.3181935261774451,0.4359746426130956,1.280279554029803,1.0566034891782623,3.052792635944767,11.0,36.0,0.2882533426618041,0.0099388092321888,0.0091383860919849,0.6304615500968982,0.0593877548377615,0.1589793945867347,15.0,0.3405997157096863,0.2819474935531616,0.7968946695327759,49.15557861328125,31.0502357386505,2.2197232682562897,42,1.2049424143693157,0.003721839648960275
f8,f8v8,115.03333333333332,3451,1.0,1.0,0.9907273254129236,104.24848732371916,3.255321130735439,10.603642833843216,239.9382008216862,46.87584489723403,194.4242858492768,0.1123372395833333,3.70712890625,0.096,0.152,33,5,165,0.1581050204661795,0.2763906100287405,4.131122327822463,4.667217493614952,0.951127744709653,0.9766289092827424,6.932664452766198,2.1928602005792763,48.0,0.2720767488844371,0.833399225112675,4.023956240889732,healthy,-15.934806959366806,-13.436288364322165,-0.2481754539616987,0.52253113869192,-0.0938647183176426,0.0280576654782205,-0.0434782608695652,46,58.52691965548512,1.5333333333333334,0.5360773890236212,0.2672406117073782,0.4755506909708978,0.2948627336276246,0.4345058750369577,0.3271352827086082,0.2416666666666666,-0.1159405685695355,-0.5921693956708077,1.2607362944669596,1.294745248349761,0.4407028729524879,1.1450425096250538,0.9797556990824884,3.008947952043446,8.0,33.0,0.3029441823465217,0.0069839398547673,0.0097675436233823,0.8200601898326838,0.0830989517008736,0.1931017546035842,15.0,0.3472961485385895,0.2691087424755096,1.032347321510315,45.57443237304688,86.28429690973215,4.86799553304303,83,2.090890923202076,0.007939483320883027
f8,f8v9,115.03333333333332,3451,1.0,1.0,0.9707331208345408,131.5284959673712,4.045855522401633,13.551967138499595,316.2354856888354,51.37973591834385,221.6484833101814,0.2246744791666667,3.931803385416667,0.146,0.216,34,6,204,0.1890824441320701,0.320147632489915,5.031124509629176,-2.265874105762587,0.92784581985008,0.966227010199484,5.871437461107654,1.991163512147124,67.0,0.3728473725701635,0.8229649831783887,4.278898235023245,healthy,-20.691189495238795,-17.195153103870805,-0.1669566082909299,0.5482124674261533,-0.1835816263117515,0.0246995463348632,-0.0149253731343283,67,64.60302689153627,2.2333333333333334,0.5194873531567363,0.2693157314996173,0.4587116781654221,0.2939009547511089,0.418875752012619,0.3226968664834178,0.2916666666666667,1.6233237592990664,-0.1788256142021866,1.2606178744450731,1.424653533399689,0.3769528841683511,1.1596351046161688,1.043517089332409,3.0260982639462366,6.0,34.0,0.3197027478041789,0.008307863141951,0.0115998849491281,1.1103447770118098,0.1103525011964922,0.2386089976755836,14.0,0.3907036483287811,0.352950245141983,0.8485041260719299,51.92110824584961,61.72250847179335,3.0956847403716767,62,1.220828243346357,0.0035678275936843642
f8,f8v10,121.0,3630,1.0,1.0,0.9898071625344352,131.2173761508621,4.102112568596246,13.37986559185064,280.6083913570225,43.36434329313307,173.36440712468664,0.236328125,4.017578125,0.126,0.234,33,4,132,0.2004024843829712,0.3205961239831993,3.554023133496502,8.836997385339432,0.9457313037723362,0.9741016856775802,6.245678627145086,2.068994984318164,50.0,0.3611942246575904,0.7301252395424014,3.6711713122472696,healthy,-18.47555438321264,-11.61572976545266,-0.7179568098457498,0.240083382379479,-0.1925013512241624,-0.0013800717637317,0.0,58,54.79419327952017,1.933333333333333,0.5174234019933955,0.2714237934989126,0.4579461091562872,0.2967776779590555,0.4199867191608067,0.3242878815776845,0.3,-0.2488965457965924,-0.4967845404884423,1.267995863752149,1.1023455336061474,0.4564823355448726,1.1650878146915056,0.8264454144967097,3.060691066071598,6.0,33.0,0.3222077683680787,0.0083804645852914,0.0090489467037666,0.9870555167905688,0.0959342870348486,0.2418206849914399,15.0,0.3063635528087616,0.2808062732219696,0.7385697364807129,50.841270446777344,159.95261570551773,6.006883397550848,122,2.6610016177246547,0.009289848851614631
f9,f9v1,115.33333333333331,3460,0.9869942196531792,0.9080924855491328,0.9257225433526012,232.70231183985447,6.863500251278237,23.059166185251108,556.1617180036732,45.27224188227735,185.22591660479003,0.337890625,5.40625,0.128,0.246,27,5,135,0.2316011691983871,0.4091674252283099,3.82813756289921,-3.8733488219523298,0.8832794043117227,0.9455674242719582,5.042567567567567,1.7489310032336354,34.0,0.2965421853239056,0.774321908460045,4.000421324472749,healthy,3.3842186992859262,0.8379532822407563,0.1696494270555866,0.5070561399849685,0.0947462581837849,-0.0646100574486503,0.0666666666666666,90,57.79924913421109,3.0,0.5246813126690745,0.2717369291488342,0.4636135256808301,0.2979512678330583,0.4241774975068327,0.3262289541883127,0.3166666666666666,0.4739621271311615,0.1277050669064889,1.1936992798852906,1.2522679409492046,0.3250649270824943,1.07228298710757,0.9553682960182828,2.958044771558841,4.0,27.0,0.3197227421689314,0.0075878521399284,0.0054004205213447,1.0490598943419247,0.1002629094196252,0.278128954612702,15.0,0.4466440677642822,0.3592787384986877,1.1416122913360596,44.662109375,177.62590337592212,6.350982109094632,118,2.0677218836040967,0.0032802345894970865
f9,f9v2,117.4,3522,0.9699034639409426,0.8546280522430437,0.8123225440090858,256.4215636887044,7.383532576783765,20.924289712266194,678.747288335077,44.17015744426961,176.82754743122533,0.229296875,4.7005859375000005,0.134,0.204,25,4,100,0.2686926513838113,0.4112071451706995,2.978332942066373,17.5560214933895,0.8803282121575571,0.9420107754107412,5.215388669301713,1.821892910351801,41.0,0.3385454121013754,0.6800944258300335,3.828429944773415,healthy,0.0563618222522756,-0.4736808567574786,-0.0026534539289715,0.4258843211163614,-0.0308274731709792,-0.0202934277467189,0.0217391304347826,92,52.1124551430215,3.066666666666667,0.5171856384827099,0.2726683341644836,0.4566314666591287,0.2974605546482961,0.4185579909076162,0.3240929271254335,0.3583333333333333,-0.7043309207142362,-0.2776605415968441,1.2084881155047034,1.1156717195830936,0.3494450345552312,1.1106495720225875,0.8137595304831894,2.9225426579735045,4.0,25.0,0.3291900389670774,0.0099080200836163,0.0102314991702154,1.1891936352596038,0.102905164118798,0.3282663670814542,15.0,0.4643123149871826,0.3621804118156433,0.982752799987793,47.45352935791016,159.42124347267008,6.032787499200171,115,1.582770539520819,0.0024245832680868692
f9,f9v3,116.3,3489,0.9601605044425336,0.9077099455431356,0.9148753224419603,260.04632434113233,7.738493139992601,18.518089335769105,511.5642976995143,45.0338530603605,202.19491021230056,0.34072265625,4.42939453125,0.146,0.224,25,5,125,0.2678425250902211,0.4213247781126994,3.9247665146352553,-4.432513239263126,0.917016705057974,0.961518360078202,4.983996387899463,1.745873304307242,50.0,0.3728005082278358,0.7440310311064247,3.6227975517094975,healthy,7.9361595621092915,5.438268911207555,0.0756562048548879,0.9684013576463668,0.0528773875509213,0.0124067234491595,-0.0129870129870129,77,59.16997277056626,2.566666666666667,0.5379042510078927,0.2714417454624342,0.4776843897986779,0.3014030028976061,0.4381153784006374,0.3331774595425494,0.3166666666666666,0.0863285525905983,0.1559272740943488,1.208168404817689,1.3721340393532817,0.2740244151306195,1.0947535962027588,1.0173841460923088,2.9412384851355204,4.0,25.0,0.3093102993574463,0.0068606194620717,0.0078581795694601,1.083807733768279,0.0833265568560441,0.3206036665138663,15.0,0.4333520233631134,0.3654633462429046,0.9830254316329956,44.63945007324219,160.18505559624435,5.470900515337259,150,2.0581434383254846,0.0023687572534187525
f9,f9v4,109.1,3273,0.9608921478765658,0.851512373968836,0.7433547204399633,241.60779770539227,7.520328841130169,28.10277544171617,701.2631951770796,42.39262108905319,185.56527999249607,0.10654296875,5.859863281250001,0.13,0.258,20,4,80,0.2490121794612595,0.416624708068261,3.2442921590639098,-6.455758795954971,0.8624140909603034,0.9335636759680024,5.246794364413487,1.7767114631979122,45.0,0.3276786158051649,0.7815117650586754,4.378044589475677,healthy,3.895837507799899,2.3577452486344046,0.0797695484280867,1.1529990492301732,0.1643195516743796,-0.0156918687589158,0.0109890109890109,91,50.72323983278767,3.033333333333333,0.6061452444924892,0.2623564757721992,0.5505004024811414,0.3099515531976562,0.5103022855250142,0.3599436029999625,0.2583333333333333,-1.016479517876876,-0.0610975923118037,1.1628352102349773,1.8327258840099707,0.2873591444985793,1.0480994975888818,1.444060903363805,2.875496580792624,4.0,20.0,0.2416897323070623,0.0084273520594826,0.0118132548367315,1.0635236015821266,0.0839370766869902,0.3042908856458944,15.0,0.4501427710056305,0.3756932020187378,1.0790936946868896,38.21710205078125,295.4754774302342,8.3432854100947,133,1.625043981063258,0.0050617366914342075
f9,f9v5,111.4,3342,0.971573907839617,0.8423099940155595,0.7935368043087971,242.58803898324564,7.463874191968889,30.9485717093299,699.968800326182,38.70336180408157,164.62268437897677,0.2175781249999999,5.439453125,0.142,0.222,17,7,119,0.2255500265784594,0.3955320937997539,4.6494824028447415,6.306172459466107,0.8984713842357885,0.9510187559033868,5.21301775147929,1.7439890278027326,52.0,0.2856562903710417,0.8133746819338422,4.72668308630562,healthy,-3.569813846723484,-2.81703955979264,-0.072172423589753,1.2250016836627982,0.0310779508738738,-0.0062704452085846,0.0112359550561797,89,46.28004865965893,2.966666666666667,0.5527788435023865,0.271429776201204,0.4921063939089644,0.307169858689772,0.4528719745623101,0.3430834239081347,0.3,-0.6953985151345561,-0.4371726945240818,1.169688855285602,1.114692037143052,0.4329003335046422,1.0482572589107408,0.8751375401015004,2.833134243826442,4.0,17.0,0.2924979816591838,0.0070809947712877,0.0137956215445274,1.152974982542099,0.1098909184108768,0.2811470048230383,14.0,0.4987193048000335,0.3967249393463135,1.1913388967514038,34.12674331665039,324.71975752819577,8.071027497423463,175,1.6833276505651302,0.005517850714274401
f9,f9v6,112.3,3369,0.8646482635796973,0.6815078658355596,0.680617393885426,218.4260718958778,6.35424330164462,16.047447898742995,513.6685308979238,46.612526029539865,200.24545129696065,0.54833984375,3.948046875,0.14,0.202,22,5,110,0.2431800365229008,0.3736458593665923,3.769253490581285,3.859362854079197,0.9390012460461996,0.9692609987539538,6.822033326587061,2.168995361217313,57.0,0.5300201827553483,0.671721142685986,3.543471620385585,healthy,4.836628887734531,5.809002351686577,-0.0614755262874269,0.6018164851965184,-0.0328896016133955,0.0048455481526348,0.0,86,51.820370745666445,2.8666666666666667,0.540881990502205,0.271160370585661,0.482374381703906,0.3038862289391841,0.4444694594270134,0.3389035160998542,0.325,0.0089250634671451,0.1290800682756194,1.2757392829600989,1.0526081158957323,0.3965678577715646,1.1866704679740958,0.7790471542956154,2.959715358136399,5.0,22.0,0.3093557566251258,0.0094605769572906,0.0105335371871133,1.1855651056312315,0.0843791700155172,0.3132546546186174,15.0,0.4100351929664612,0.3288308680057525,1.229780673980713,38.75809860229492,122.77634111129656,5.518986832106086,83,1.2006676314112137,0.0025733907493835713
f9,f9v7,122.2,3666,1.0,0.986633933442444,0.986088379705401,177.9862481835665,5.540461849350732,16.641568165984857,498.1864561617901,37.63679488977248,162.2948583001649,0.2386718749999999,4.057421874999999,0.128,0.184,30,4,120,0.221274288975963,0.354203985489387,3.048292675435903,15.750732686591853,0.9145256249396776,0.9606312132033588,5.033682294037324,1.7670217289293677,29.0,0.3328179273392188,0.8131384818376282,4.244648096535148,healthy,-0.9528286374702202,0.5471999224103119,-0.5681623654393039,1.8026162636507497,0.0334840437129526,0.0359085650227437,-0.0512820512820512,78,46.04355067182111,2.6,0.5195963395659413,0.2721958207445918,0.4590169208906969,0.2971798395284882,0.4199234159142127,0.3246135654652411,0.3166666666666666,-0.455822458560193,-0.083638588314693,1.2549312013182838,1.3426907363502312,0.3365851056454563,1.1395368443802705,1.02640160477517,2.807080805966055,5.0,30.0,0.3285157410178619,0.0086489840603025,0.0089913349010632,1.1802586064869924,0.1131624397944046,0.2783873068250793,14.0,0.4358202219009399,0.3346866369247436,1.094176173210144,37.29423141479492,248.203525060754,6.84847643337171,153,3.224404806235176,0.007834928690237006
f9,f9v8,114.73333333333332,3442,0.9712376525276002,0.9607786170830912,0.9651365485183032,190.5180965345513,5.995879092359707,20.688404096474954,452.5994156721069,37.13266429101396,155.0663614937192,0.4481770833333333,4.3697265625,0.194,0.23,24,4,96,0.2673516777128951,0.4193764692936086,3.155024208675579,12.179801357298183,0.9026997266099636,0.9554032503037668,4.74543825734358,1.7050374117596303,46.0,0.3073002738131406,0.7786258051922702,3.6654920593781184,healthy,-10.828167140557223,-5.558984957512934,-0.6302848485880537,0.6495557022747396,-0.1650562493913815,-0.0101190476190476,0.0,72,53.26860451446393,2.4,0.5011706556899012,0.2711889287523575,0.4382762900788952,0.2897359045551947,0.3970668417189192,0.3114843018124985,0.3166666666666666,-0.3786532111063625,-0.0694117165442584,1.1864214972391312,1.2890604798207153,0.3237659638096656,1.059266832685928,0.9745053481636962,2.9857245274471182,5.0,24.0,0.3519891280460133,0.008490432785106,0.0102600453669401,1.3335846017263733,0.1272544420276549,0.3245438031553704,15.0,0.4487038552761078,0.3867561817169189,0.985407054424286,41.48023986816406,257.3499015262878,6.745266579666855,166,3.294033736107279,0.0070900865830245035
f9,f9v9,113.1,3393,0.99675803124079,0.9622752726201004,0.9540229885057472,177.26766087236018,5.546482268072986,16.257542842330903,370.3172190624833,38.29104961124287,165.8227134519886,0.2208984375,3.976171875,0.134,0.228,31,4,124,0.1782541128276746,0.3287234227799285,3.410042449334416,-4.21307989534578,0.9235787150848804,0.9665221346857398,5.443608612701008,1.901368055245879,65.0,0.2884508957288013,0.7536081858539208,4.386468359272066,healthy,-2.835065496060966,-1.0480725166428568,-0.1928301381903602,1.4306929144219422,-0.0553103327420345,-0.0343486714193129,0.0476190476190476,63,50.58424901173653,2.1,0.5388183718532527,0.2691558542951657,0.4778221275145725,0.2968098999882896,0.4363074017333833,0.3289376888570781,0.25,0.5784925255423663,0.0211038859295606,1.2559886744954136,1.2083721434688022,0.3094335561092214,1.160687047896897,0.9371712218510369,2.77686677399356,6.0,31.0,0.3120136156298809,0.0088706037232304,0.0088981550736704,0.8852164016378348,0.0865363638098926,0.2239488222857781,15.0,0.4317200481891632,0.3643218278884887,1.020797848701477,36.99231719970703,301.5716020991319,8.329740091643183,156,1.7488370946695388,0.00959690984848791
f9,f9v10,117.4,3522,0.9951731970471324,0.9775695627484384,0.9770017035775128,196.04965707204576,6.034707883305924,14.830093396490849,346.25762279459263,45.509419582322174,181.6599666150337,0.229296875,3.3248046875000004,0.116,0.17,22,4,88,0.2339783636244493,0.3419806306839215,3.413265474148181,-5.088170652599126,0.9424304218118652,0.9727446093425476,5.633515582285402,1.9896896027930795,56.0,0.3942798387941808,0.7650692905697225,3.695753218327516,healthy,3.822107189949,1.1240884806090363,0.0403994869438917,-0.0092232097831606,0.0569821575682552,0.0049175585768005,0.0,76,54.42024223027588,2.533333333333333,0.4933314241712258,0.2712075000413387,0.432212884307095,0.2893437145488545,0.3923169494842111,0.3107878286210945,0.325,0.2636994899466432,0.1311040132647261,1.2759370109782564,1.2341818364656854,0.3207054244575305,1.176737016817608,0.8797951312665215,3.082930496760124,5.0,22.0,0.3599639432933277,0.0092687589478381,0.0083490687259613,1.2346855265394527,0.1161403688554269,0.2939652107046224,15.0,0.3914960026741028,0.3542885184288025,0.8048924207687378,49.21142959594727,219.22528092820133,6.110440496787547,149,2.664458081786836,0.005703723464771632
sf2,sf2v1,114.03333333333332,3421,0.9988307512423268,0.9997076878105816,0.9964922537269804,144.8876699043231,4.580866091057298,16.737693001896204,367.47202512598096,38.224815988498,167.6240379528052,0.7795247395833333,3.67490234375,0.136,0.248,41,5,205,0.1516013082197431,0.2791784304524243,3.932284527761951,5.437002774977705,0.95176750092164,0.9782595338549134,6.525650659198033,2.10835132799607,49.0,0.2989973370205528,0.8272957345796464,2.1994696345010403,scoliotic,-2.3162748647654445,-3.323985207194035,0.0568402524586178,1.4469797252823966,-0.0823974166274277,-0.013369510513993,0.0181818181818181,55,52.23835706192078,1.8333333333333333,0.5147119376998136,0.27054382635947,0.4531155773094465,0.2905504574567406,0.4118810897320703,0.3150351670432804,0.3,-0.7602289400547081,-0.3258879756405597,1.2699902545419917,1.5292497988791185,0.3454280143788404,1.1279379820686235,1.1583709040178238,2.80311339103786,8.0,41.0,0.3354184325473576,0.0104620442049594,0.0089939899896376,0.8152881807455208,0.0873596943838723,0.1836786742795038,15.0,0.3984734117984772,0.3056415617465973,1.1398375034332275,36.440521240234375,218.52317716989785,5.520415826265524,130,4.836076624731843,0.01040961458223216
sf2,sf2v2,114.8,3444,1.0,0.9846109175377468,0.9637049941927992,170.9859784857783,5.400210855598275,15.439925692257804,355.28476638351333,28.091987739549666,118.06475048940028,0.560546875,5.269140625,0.136,0.228,26,4,104,0.2306773311158755,0.40210599898418,3.3678635417777065,18.55347073872885,0.8671490206559506,0.9394353022030468,4.620176509247958,1.6443480889421416,56.0,0.4235223124185676,0.8025049415328912,2.7985798269175426,scoliotic,-7.27047711907941,-3.8164740414119054,-0.7011246275685423,1.2401730181996733,-0.1728124457919485,0.0212499999999999,-0.027027027027027,74,39.62125142963736,2.466666666666667,0.5403709145233455,0.2718645330518495,0.481452833470954,0.3043777409024211,0.4430170131584865,0.3386073900592972,0.3416666666666667,-0.5323491906690238,-0.4026852077993651,1.170002206213083,1.0711574052503092,0.392617580184842,1.0268265073402043,0.8075686627665696,2.787651655784413,5.0,26.0,0.3076785726255309,0.0100554442133402,0.0096211502524483,1.1107139896879112,0.0941369252031402,0.2775552351844372,15.0,0.4330127239227295,0.372035801410675,1.0722100734710691,27.41672706604004,191.4326640010656,6.60064737795402,140,1.9873650736177777,0.0065477945943041935
sf2,sf2v3,119.2,3576,1.0,0.9977628635346756,0.9941275167785236,178.36770498288644,5.576795578003393,15.507824690147794,316.6579903697358,42.05627024427001,183.433492026834,0.34921875,3.60859375,0.112,0.178,30,4,120,0.2162622349439982,0.3259004822993812,3.71710224554809,-3.943056649659798,0.942880858620956,0.9730522739556792,5.697750649937832,1.9650851964960536,54.0,0.3991125576708316,0.7857761542517135,3.977211442255292,scoliotic,0.6543977590770257,-1.569365821965513,0.4259885741243439,0.8562568572656764,-0.0233939684188125,-0.0317090051523928,0.0434782608695652,69,48.751670325850334,2.3,0.4900050435243519,0.2730761959261523,0.4284158317249907,0.292488225687784,0.3907940109269617,0.3145311424164559,0.4083333333333333,0.555071602893652,0.2553256499261008,1.3213079830199606,1.217231748618517,0.2852870014088748,1.232209754960203,0.8971671906002678,2.9738011674721365,5.0,30.0,0.362510201118453,0.0100742788408547,0.0075429335005818,1.1046797432043227,0.0995410470799244,0.2749318859937767,15.0,0.3998559713363647,0.3251781761646271,0.99845951795578,43.98213195800781,177.2412574052392,5.393396161947043,135,2.62077705909705,0.005570989932423112
sf2,sf2v4,125.8,3774,1.0,0.9920508744038156,0.9915209326974032,155.46112536099184,4.928243449773387,12.478901336635602,259.70376553202664,36.14904596196541,153.95183708580646,0.1228515625,3.3169921875000004,0.15,0.276,31,5,155,0.2101595897287699,0.3277549562626505,3.83777093219896,-3.81912172220704,0.961512611686566,0.9807068870087768,6.135163544178569,2.0587532416183336,57.0,0.3193533901985609,0.7857184336346567,3.565287871752421,scoliotic,-2.894600748440832,-2.501010276144677,-0.0404450485989013,0.8688137272392455,-0.0835173380933738,-0.046326349955739,0.0588235294117647,68,41.708765391047535,2.2666666666666666,0.5034910419242492,0.2723105685107834,0.4421730847141601,0.2921828668368779,0.4026879637912848,0.3154177205949792,0.3,-0.3039289301860383,-0.1664514073281704,1.3108851478168286,0.990635079907184,0.3715048020185968,1.1810250318327913,0.746126181880997,2.9273901875472554,6.0,31.0,0.3505637378731517,0.0071439109156481,0.0066861470123615,1.0886114221801364,0.1017095372130576,0.2652077440527831,15.0,0.4343583285808563,0.379374086856842,0.922878921031952,37.86207962036133,192.4620924500019,6.404638363951141,144,2.9911491834903807,0.007963456072647443
sf2,sf2v5,116.2,3486,1.0,0.9994262765347104,1.0,133.0793020328751,4.17133110313122,14.83708375383242,330.3188362977777,32.62317022479514,142.03266981459876,0.1134765625,3.5177734375000007,0.112,0.218,34,5,170,0.1268425831183031,0.2604093761634685,3.4429458368698445,-3.9745156254221694,0.9459626956678197,0.9755802562923572,6.098412896775806,2.090861895627476,91.0,0.2154995520403217,0.8446870250103634,3.402927754837358,scoliotic,5.93583261778382,2.9129200540439504,0.3198135481907571,2.0451868982483488,0.2540960252368882,0.020543978434614,-0.0175438596491228,57,46.30247068635813,1.9,0.4875652022744497,0.2697954397253293,0.4241640941346231,0.2870157995819166,0.3859077844616995,0.306576590164583,0.3833333333333333,-0.7376113156485524,0.91080459387108,1.2034706664688208,1.487610051844907,0.3187615729499115,1.0593231157376422,1.1013586191440652,2.630600692134325,8.0,34.0,0.3582140200371854,0.0075093581861307,0.0099781694989138,0.8155055584484613,0.0887061009170181,0.1531610419780494,15.0,0.4284390211105346,0.349233329296112,0.924813985824585,30.89851951599121,84.28386806532158,3.972306568045711,92,2.6148258898285563,0.00475908465052177
sf2,sf2v6,116.5,3495,1.0,1.0,0.999713876967096,137.2094363269172,4.330068416094883,15.279503819020446,329.9719803988717,30.48169688378863,132.8387769570441,0.2275390625,3.640625,0.174,0.26,30,5,150,0.1582488639717961,0.2957217010851383,4.085633526271329,10.799506733050713,0.9375320323280112,0.9732209737827716,5.8842142899708,2.028384893304217,52.0,0.3016406483091284,0.8450221965640117,3.447823982189792,scoliotic,-8.2756994483114,-4.38665141096939,-0.4141357377491773,2.8750596583905823,-0.1499163494884544,0.0219700507765534,-0.0491803278688524,61,41.68270095035181,2.033333333333333,0.5301841552940779,0.2716880020242357,0.4699900541610755,0.2991631165610182,0.4300635249460364,0.32942791065255,0.2833333333333333,1.17054399821648,0.0506035751823349,1.2105110816007167,1.421335765419914,0.3770790812924506,1.0865735532198388,1.118516974102934,2.6356134334726864,7.0,30.0,0.3137033705755908,0.0085090243074845,0.0101816318309293,0.8192066403566755,0.0798005257533935,0.1872512743542783,15.0,0.4075546860694885,0.3881232142448425,0.9718903303146362,23.16976547241211,154.76131036733688,5.402405929914556,122,2.697061709539912,0.008220428151200762
sf2,sf2v7,125.6,3768,1.0,1.0,0.9989384288747346,142.8653483810752,4.514414628142061,13.987709752887094,264.594885815615,30.658296378946872,134.89212119974513,0.12265625,4.1703125,0.176,0.238,32,4,128,0.1414479902683663,0.3003441986876973,2.34444561215366,10.232026234354292,0.9333812139682046,0.9714657297591086,5.9402967359050445,2.0350154116235104,66.0,0.3041553791395577,0.8211682516607103,3.554003532615994,scoliotic,-4.930443833569577,-4.998679990879287,0.2417644489871314,1.6159909452355832,-0.1116879396889599,0.0167142571340231,-0.03125,64,43.44435751133808,2.1333333333333333,0.5167321913477858,0.2726295660887485,0.4564258709816206,0.2960289810057372,0.4162069816266841,0.3214936163756186,0.3,-0.8304184841842609,-0.0427332892601343,1.2400383149403684,1.287333296514685,0.3230084421950712,1.1052136091742746,0.995277654302374,2.716969948315795,6.0,32.0,0.3335084206901926,0.0080864109942104,0.0103337043921114,0.8460371502106699,0.08295114412487,0.1784318819248978,15.0,0.5220393538475037,0.4445653259754181,1.0351555347442627,27.42904090881348,172.47059935304742,6.154116775413358,127,2.068870266953941,0.008450088616759534
sf2,sf2v8,116.6,3498,0.9994282447112636,0.9965694682675816,0.985134362492853,156.84882612666286,4.930809465119365,16.827798830333368,383.5388757016327,33.54537791550457,150.57451189729522,0.3416015624999999,4.09921875,0.182,0.242,30,5,150,0.1458068105339649,0.3074252286344134,3.251882339986699,-4.411509974010206,0.9220776660753006,0.9663709836388724,5.505840071877808,1.9115113944659792,50.0,0.2278794090518858,0.8561604126266967,4.100545771392252,scoliotic,-7.605163124818722,-4.34539905342979,-0.5861194225471691,1.7314132354831848,-0.1690053216091992,0.0063849194283977,0.0,70,45.145188870218966,2.333333333333333,0.5361038098865947,0.2696995147496287,0.4756853465611294,0.2989803804907507,0.4358434556116001,0.3317391907689834,0.25,-0.3911503189855001,-0.3427265636892024,1.2038008127618447,1.154921246218311,0.3921745124995489,1.0753543442797804,0.9239144566590674,2.751688148513048,6.0,30.0,0.3134612155441191,0.0081162839623807,0.0093051853059473,0.7811579952861079,0.0761824633443839,0.1827725827004206,15.0,0.4438517391681671,0.3600268065929413,1.2042194604873655,28.912622451782227,249.91082050757976,7.448326242995662,146,2.599069208293477,0.010158334627711613
sf2,sf2v9,117.7,3531,0.9991503823279524,0.9929198527329368,0.9561030869442084,158.29678000639478,4.979248196540259,19.23393151065345,281.5299114895954,35.909616829529114,159.12892693265508,0.2298828125,4.3677734375,0.116,0.228,33,4,132,0.1650743001869692,0.3199084357258352,2.6601863376173704,10.006313863560406,0.92017362868377,0.964009031805972,5.739699831952251,1.941311111436352,44.0,0.2954254503992645,0.8142640246038853,3.6302434149606975,scoliotic,-10.278076152363056,-5.004836797234775,-0.5377108406513703,1.2230620054233752,-0.2029323635594978,-0.0537850752703624,0.044776119402985,67,45.6244204871501,2.2333333333333334,0.5337532916027418,0.2711032663685803,0.4750188803833566,0.2971295043788033,0.435544575211407,0.3281006826158323,0.2583333333333333,-0.7184966684941179,-0.4938244888166019,1.246393921588533,1.4328167708806117,0.3500362596538521,1.1448042761803272,1.0987420974331097,2.835919274973974,6.0,33.0,0.3135045124135047,0.0089100977917595,0.0064531714246451,0.7714862750372244,0.0707571011825249,0.2007583196542483,15.0,0.4777671992778778,0.3766416013240814,1.149566650390625,33.17294692993164,264.00700526469865,7.479376991344122,149,3.0241797501073298,0.010535891492790862
sf2,sf2v10,117.73333333333332,3532,1.0,0.9866930917327292,0.9697055492638732,175.41969173518655,5.438931071395841,13.90580098024183,309.0326450710419,48.206495401255424,197.43053596066648,0.344921875,3.334244791666668,0.116,0.184,32,5,160,0.2370706815665209,0.3137962803143144,3.385242718088153,3.268964358183055,0.9592456575682382,0.9800397022332508,6.713285286918683,2.1958820949087032,91.0,0.4035695369053366,0.7534506192928384,5.014900460213938,scoliotic,-0.6063198424263389,0.6733369867090947,-0.1622727569618094,0.2167844251211734,-0.0425029027126467,-0.0603474710004563,0.0649350649350649,77,44.10627159497347,2.566666666666667,0.5253532113994567,0.2715647052442311,0.46516799559818,0.3002317928385422,0.4252945643766914,0.3312668539986937,0.3666666666666666,0.4756613863604589,0.3234595150224089,1.3623698580561108,0.7680910290994705,0.4398443097138042,1.2861627515755405,0.56008464632114,3.102777239131881,6.0,32.0,0.326165772710312,0.0097399388188272,0.0088934967625564,1.2587983998006205,0.0987532391700236,0.3086009127740585,15.0,0.4146977365016937,0.3628332912921905,0.7848740220069885,49.254371643066406,94.82671980025944,5.126375165968354,92,1.5939534483845657,0.003081584215743471
sf3,sf3v1,114.3,3429,1.0,0.9953339165937592,0.979294254884806,160.38494767426067,4.973400074081003,22.00997542923952,460.44342326585775,38.521413362155805,163.66940759653608,0.2232421875,3.90673828125,0.154,0.25,37,5,185,0.1680673738691422,0.3147927622742994,3.382379759129874,10.650411039915928,0.9219617582328832,0.963706665051386,5.897263235930067,1.9923769245106435,51.0,0.2552077963745606,0.8066060594312741,4.354719750872036,scoliotic,-3.521622834729882,-0.5888184547748028,-0.4379617322381069,1.5594117696717902,-0.1324396952289971,-0.0076852136489394,0.0,80,47.08356628272374,2.6666666666666665,0.5443456905307524,0.2702479360177883,0.4832234753375502,0.3024626166653027,0.4437669758373784,0.3362505849352048,0.2666666666666666,1.0348254714475411,-0.3758445205460524,1.1995366720399203,1.3214589754768598,0.3925889449324499,1.1125052588020108,1.0012247394686573,2.7139756236396417,5.0,37.0,0.2995206680475617,0.0081879844614942,0.0088672056054082,0.9876464574034152,0.0994082116838928,0.2097808563237656,15.0,0.3732379078865051,0.3155125677585602,0.9001464247703552,37.974082946777344,162.05751902047203,5.472653268254174,118,2.044208339825671,0.006300020640618758
sf3,sf3v2,112.2,3366,0.988116458704694,0.9310754604872252,0.8983957219251337,198.63046964290368,6.236899393123621,22.99751255856121,525.6474155906417,36.266397333181104,167.04266745789556,0.1095703124999999,4.821093749999999,0.176,0.242,30,4,120,0.1775268084009302,0.3689294285693218,2.298180053699099,16.138224158287045,0.8634880803011292,0.939185406814014,5.1094250459438175,1.7459981108934357,24.0,0.2143355200306618,0.7799173088495059,3.3972728217196733,scoliotic,2.0279975277222944,1.7929140017803906,0.0124813869072952,1.7300362968382237,0.0291745283720592,-0.0327229060342238,0.0389610389610389,77,49.14623004771018,2.566666666666667,0.5356300183857882,0.2712608756795197,0.4764254224230815,0.301407958559666,0.4385635444570543,0.3331667000809871,0.2583333333333333,0.412320276332668,0.0534144797287729,1.166206749104649,1.3611760697755575,0.3255457327278266,1.0467856819662542,1.045554098163358,2.7285107124092387,5.0,30.0,0.3118906559304149,0.0106257235610587,0.0085690566409297,0.99661812107935,0.104643604090888,0.2177011255492416,15.0,0.519560694694519,0.4024646878242492,1.359673023223877,25.58202362060547,285.76045725844847,7.205926220833111,163,2.8848414136698395,0.007242865046630112
sf3,sf3v3,119.0,3570,0.992436974789916,0.9840336134453782,0.9787114845938376,190.24615225898185,5.889819103628643,24.966194440522617,492.0923167833115,35.566246864475545,157.42679744456834,0.232421875,4.7646484375,0.15,0.286,21,4,84,0.1702789224624055,0.3596909325250852,2.0056888055328868,-6.376056927901061,0.8745951645703096,0.9392464412141296,5.835458586803931,1.9313394692719807,64.0,0.215174027270441,0.8677252974860903,4.113816913148632,scoliotic,5.864336217372845,1.7108996825161418,0.8469969711712885,1.4438020267743683,0.0807279459409471,0.0107784431137724,0.0,82,43.98690072368968,2.7333333333333334,0.5575606127802263,0.2692505530700509,0.4991160427531659,0.3038914325884591,0.4607725960231065,0.3415442402301585,0.2666666666666666,0.3893691498058085,0.3022102199262913,1.2251464062801918,1.1150149439238226,0.3338391799709433,1.106922192749,0.9139146791423672,2.8350277514109243,5.0,21.0,0.2919555366729229,0.0077064447960117,0.0094251075610813,0.8286682465604536,0.0799800956081479,0.2069755142944446,15.0,0.5426347851753235,0.4179680347442627,1.3600270748138428,28.786941528320312,220.9076188335072,6.203875610830665,151,4.095543133557214,0.006103499742990835
sf3,sf3v4,111.73333333333332,3352,0.9997016706443914,0.9886634844868736,0.9600238663484488,157.16449591754548,4.90914321421799,16.77804393345622,406.3604150692127,38.91233412615679,171.06446000750742,0.1091145833333333,4.364583333333333,0.164,0.234,29,4,116,0.201476682822021,0.3530963628779129,2.547995923558378,4.181483955205473,0.908814414136942,0.9610964599896052,5.280592279217346,1.832639226442648,33.0,0.2273239593128464,0.7728328551072593,3.338377039303765,scoliotic,0.3761027159816453,2.2209720086067386,-0.0942275619549043,1.3009515040132769,-0.0827284336321588,-0.1065989847715736,0.1111111111111111,72,51.08489001316054,2.4,0.5243383308640125,0.270933996784416,0.4636831589778767,0.2962049478105214,0.4237017433494169,0.3246537556439458,0.2833333333333333,0.3661611750546583,0.1373953975984286,1.1794718435308005,1.262461137762252,0.3930335948362014,1.0871629841929211,0.975568894037562,2.7944864815544004,6.0,29.0,0.3251208509036719,0.0103624746099251,0.0088302598156708,1.1240714747414766,0.1183211621210156,0.2443867258090039,15.0,0.4611345827579498,0.380773663520813,0.9573478698730468,41.60047149658203,237.436796511604,6.737004016939308,144,3.7300805980363942,0.009612561608328655
sf3,sf3v5,116.5,3495,0.9782546494992846,0.9339055793991416,0.8912732474964234,174.9957538209733,5.363829746529391,17.333293275511924,368.38861092958297,43.59495065603119,182.42884626778533,0.34130859375,4.66455078125,0.136,0.252,32,5,160,0.1968538524255665,0.3544157990733012,3.2359922597139823,-3.452558451221186,0.9204367245657568,0.9629875930521092,6.10425317729961,2.0188924136548163,46.0,0.2572228649670723,0.799497208915634,3.537349947779426,scoliotic,5.6830436365407415,2.825077008268182,0.1310962883001876,0.6879886160467459,0.0801611600141476,-0.0336066370677642,0.0277777777777777,72,53.92350807812287,2.4,0.525923734668636,0.2722622977038877,0.465993267297796,0.3008355140078546,0.4284713074195369,0.3318686611203301,0.3416666666666667,-0.340569194936937,-0.3526218793831439,1.2494331049054854,1.1810424308725964,0.3852609666451083,1.1597556894487586,0.9151643187759692,2.912241162213734,5.0,32.0,0.3261138617185893,0.0081863130535908,0.0102899170873107,1.0349557676383934,0.1005091662376297,0.2446598375042324,15.0,0.4915108978748321,0.3490549325942993,1.3283230066299438,36.98993682861328,234.7770814330854,6.643339228598604,127,2.284553870888846,0.007666562450732957
sf3,sf3v6,119.3,3579,0.9726180497345628,0.8968985750209556,0.8678401788208997,214.2219961312384,6.515755798844608,26.180620158580385,580.3297409479304,42.2457272770972,187.9397091956824,0.2330078125,4.77666015625,0.154,0.208,32,4,128,0.2160949781271841,0.369837738632258,3.1199008819586056,17.91157454167093,0.9042257895451988,0.9543160510122872,5.58358886996025,1.899665301754799,35.0,0.2825855316243551,0.8476128956485994,3.603162497973736,scoliotic,6.002035514899689,6.359804697135778,-0.1912772758421886,1.5288906884703035,-0.0202879602358239,-0.0669188679583033,0.0736842105263157,95,44.52157117125609,3.1666666666666665,0.5291368001242639,0.2716264900266075,0.4684484972621846,0.2996308822497392,0.4291964170281296,0.3302378040604163,0.3166666666666666,1.2637511223391724,-0.0890933094419289,1.222219368163974,1.4087381194634885,0.4125035299594662,1.1222024257112777,1.069500188305219,2.8425549873954474,5.0,32.0,0.3205746902746194,0.0087464125962846,0.0080987840441393,0.9781441730969888,0.0823011516119317,0.2632574120957457,15.0,0.4125561714172363,0.2939531803131103,1.287119746208191,38.0713996887207,275.0107745036076,8.024005455952627,133,1.5419759605534658,0.005992686871286354
sf3,sf3v7,109.73333333333332,3292,0.9434993924665857,0.8933778857837181,0.9061360874848116,194.0086790950556,5.8903648136228615,24.307429683116013,643.8692118180901,50.89466219323023,221.0941303412716,0.5358072916666667,4.393619791666668,0.174,0.238,30,4,120,0.1885096852489311,0.3623475939554783,2.749932499625645,-3.39350158072354,0.9085205775615782,0.9569241757393252,6.077295574353316,2.0197632641413628,40.0,0.2629331218980263,0.7547464036489806,4.398618301891751,scoliotic,8.903694234357163,3.102594935723938,0.5484970150806483,0.7902329401288037,0.1003037414297146,0.0304735432697196,-0.027027027027027,74,62.68491443351543,2.466666666666667,0.5625266176530731,0.2680816732311298,0.5050526432718692,0.3017792232435968,0.4646071427132144,0.3379934422082278,0.2583333333333333,1.10136004565443,0.292899574071739,1.249730576201456,1.959136166587414,0.2883919208977824,1.1516721366517086,1.5508912679735012,2.895198507048862,5.0,30.0,0.2776814536962657,0.0060977584930459,0.0106701959364325,0.877606683939303,0.0747054987275542,0.2308661111802027,15.0,0.4746514856815338,0.3341179490089416,1.2589894533157349,43.36723709106445,162.01804402605842,4.8205918866697886,104,2.2690274179514422,0.004304483696482811
sf3,sf3v8,130.1,3903,0.954137842685114,0.9159620804509352,0.889572124007174,199.15585335997469,5.954355675994777,17.13819427094163,448.78079994520107,49.126702046694405,215.1147217530545,0.3811523437499999,4.19267578125,0.124,0.236,28,5,140,0.1705105839459135,0.3014522153978811,2.536508702563376,6.453146597076862,0.9458374929042612,0.9743476814062286,7.54818409280461,2.2337726840486325,71.0,0.3488590108522011,0.7752673103871921,3.692144122278688,scoliotic,4.578874119363165,1.9295734438273096,0.1158434545837466,1.5631825716600636,0.0579546051248934,0.0272918623871757,-0.0329670329670329,91,50.650455171703,3.033333333333333,0.5356188908151649,0.2732473086866113,0.4762256970976359,0.3041649985172107,0.4390058214338211,0.3358902282888021,0.325,0.0910610861416094,-0.0131937817771591,1.2571055885637177,1.7484670357092464,0.3531224695988803,1.135360499098966,1.356538262377696,2.825041074193273,6.0,28.0,0.3144151610566372,0.0098975567874755,0.0087656047174962,0.884853670219923,0.0705949865427403,0.2201022873997949,15.0,0.5373231172561646,0.4383610486984253,1.2927762269973757,42.72679901123047,81.17450003631306,4.261900648773031,67,0.9152206780506094,0.0020466023666410155
sf3,sf3v9,119.1,3573,0.9714525608732156,0.9538203190596136,0.887489504617968,164.3484944930525,5.110130260750428,23.379481461271848,529.9253645897427,40.3397902692435,180.9234076369249,0.2326171875,4.76865234375,0.108,0.216,29,4,116,0.1746876053581123,0.3305728380911765,2.5219651905374607,14.65303946137428,0.8941269321834876,0.9482280698377256,5.751590869286006,1.928638794898374,54.0,0.1494122779945072,0.8498185468303606,3.798698853508119,scoliotic,14.627045763068825,8.264678466133489,0.8950713752950183,1.7425570443437373,0.2777260772198954,-0.0115024290090774,0.0140845070422535,71,48.2627955068512,2.3666666666666667,0.5388611683754572,0.27057105410566,0.4803977478320143,0.298939324516313,0.4410628228218877,0.3311638586719586,0.2666666666666666,-1.113097401044898,-0.0023333258281866,1.218861793369299,1.4381967200798886,0.4551940986315759,1.0893363784594186,1.055285625748833,2.806174629632971,6.0,29.0,0.3064313642980094,0.009235419756109,0.0073666970848038,0.9730577690594954,0.0965778842440092,0.2163986474411538,14.0,0.4143531620502472,0.3592098951339721,1.084890842437744,32.16752624511719,234.42823960627615,8.358433994769397,104,1.7081364538899615,0.008679175417444973
sf3,sf3v10,116.0,3480,0.992528735632184,0.9910919540229886,0.9557471264367816,150.83188920438133,4.723235169891238,14.994774472538737,333.3705891015311,36.77385679388443,156.0391483654294,0.453125,4.3046875,0.14,0.186,25,5,125,0.1633304822755734,0.3248883688213722,3.2407648235699225,4.013765887927299,0.9290373782931032,0.966735061264784,5.7335973824694335,1.9289251149488136,45.0,0.1644676571792367,0.8398662233989609,3.3755263875392445,scoliotic,5.907919583194488,2.0011881533037537,0.1503001268578993,1.5898023585369296,0.0861881568759886,-0.0311874105865522,0.0461538461538461,65,49.75397685473688,2.1666666666666665,0.5402782388293296,0.2704236973188719,0.480784213901602,0.3012694287043834,0.4420695318402198,0.3339227187370991,0.2833333333333333,0.6862615252242161,0.5906369907206368,1.2578869091215923,1.2779199576560687,0.3689772198456522,1.1351318104420705,0.9939197995104192,2.7685991293619505,6.0,25.0,0.3004944249037987,0.0099573985401386,0.0080845090580567,0.8397866072773713,0.0872458243393712,0.2025214251138674,15.0,0.4940353035926819,0.3978222906589508,1.237192153930664,27.82796287536621,279.2092025496453,8.127943978101703,149,2.4104618522953074,0.012272792366556703
sfs4,sfv1,101.1,3033,0.7955819320804484,0.7764589515331355,0.4902736564457632,161.1924559297235,5.059701315137663,15.978342449893988,288.2451059702545,34.0508843300059,156.693409018453,0.09873046875,5.232714843749999,0.076,0.16,24,4,96,0.2534985593417995,0.3858556032976357,3.388085782834204,11.9869840800762,0.9580676603175892,0.9796531698005928,7.301399924328415,2.234770995903991,38.0,0.3754961394732988,0.9557185981887608,2.805448429967121,scoliotic,-3.558981666517657,-5.6981974911467095,0.6813400387999983,1.3479923322721,-0.1468165154256819,-0.0428441203281676,0.0476190476190476,84,30.8350780030572,2.8,0.6226135342024149,0.2589108712513729,0.5679850664073541,0.3101516080842134,0.5288284023330673,0.3649130557424164,0.2416666666666666,-0.1989141566779829,-0.3087629456270879,1.2486856215042808,1.1694444563172215,0.2698408813191186,1.2155680642455833,0.8732844459264464,2.909856225353153,5.0,24.0,0.228158313539573,0.0136132371774351,0.0140132555831455,1.0424304931835529,0.0776775299938355,0.3114048054161478,15.0,0.4375426471233368,0.3570989370346069,1.2247633934020996,26.78548622131348,129.397451875827,5.470406166524234,93,1.305598317431948,0.004980079774810249
sfs4,sfv2,123.3,3699,0.955934036226007,0.9653960529872938,0.7929170045958367,155.43053385319556,4.726737698158996,15.106756566527109,369.26009814257134,38.41829116247889,172.5572529306049,0.2408203125,6.742968750000001,0.116,0.228,21,5,105,0.2487759286092402,0.4108424491465059,4.120036097559217,-5.61500925740042,0.9057309762895652,0.9545836356000152,5.363689997318316,1.8700571911395008,49.0,0.3186363361625933,0.7519602073168417,3.689528725373955,scoliotic,1.852677409430986,1.0017366275057134,0.3392620159676796,1.741764277549395,0.0237326964899932,-0.0234753810403821,0.032258064516129,93,44.54426960045095,3.1,0.5700590167869171,0.2716212737979634,0.5132265648921198,0.3139856461454673,0.476376669896821,0.3582420658322421,0.3166666666666666,-0.50607981749447,0.0263866871122347,1.2113404651384894,1.1642413487369212,0.3818463966756861,1.1084271409618929,0.8550517205444148,2.836352454682726,4.0,21.0,0.2800523846549234,0.0071651404059882,0.0085709231934023,1.154648654408137,0.095934171834235,0.2940177285892112,15.0,0.4921599626541137,0.421801894903183,1.1165648698806765,33.26072692871094,322.38516876989365,7.910729380432075,106,1.457100607370592,0.013344502171071857
sfs4,sfv3,114.33333333333331,3430,0.9017492711370264,0.9072886297376094,0.7346938775510203,162.62504693153653,5.113072175203882,14.265101318983785,313.9246870016918,31.643719790604734,144.60821249569682,0.2233072916666666,6.140950520833333,0.15,0.284,21,4,84,0.3289181288026695,0.4604638549139257,3.6097913539280313,16.52083502875435,0.831814415907208,0.9180631919861416,4.367101079313897,1.5360163757523793,39.0,0.4125629598926159,0.7746381673535896,4.469980835173402,scoliotic,-2.320658745808093,-1.7713306888603506,-0.2269197931921064,1.8507983127089016,0.0213248211467237,-0.0676295501122279,0.081081081081081,111,31.20898525868752,3.7,0.5724842023477006,0.2715717462181063,0.5163674928309109,0.3160672728080069,0.4803755703818365,0.3611819204025103,0.325,-1.7021867585990926,-0.7655758461844179,1.1733313678116826,1.2139341071733742,0.362231324596899,1.082060521595538,0.8822914861867389,2.73180985814479,4.0,21.0,0.2769329630307057,0.009659733765434,0.0091220030429599,1.3363071792770178,0.0992104546491989,0.3946521401403607,15.0,0.4080784022808075,0.367147296667099,0.9713045954704284,26.33435821533203,247.8512542026443,7.770319989667307,117,1.4810130661344882,0.009371654107227428
sfs4,sfv4,116.93333333333334,3508,0.9538198403648804,0.8691562143671607,0.7830672748004561,155.50041318267074,4.786934776694252,16.16511281748018,262.3899491257211,34.48439241488338,160.61446766268833,0.1141927083333333,6.052213541666666,0.16,0.28,39,5,195,0.2433819369745989,0.3862244468871596,4.246683910628356,13.182839982093324,0.8678827070115503,0.9312774524158126,5.545713247759748,1.9096090950802345,43.0,0.3159566667600854,0.8236235595390525,3.69245296469104,scoliotic,-1.7978484799171672,-1.4202927323126668,-0.1377024463256937,3.564664656509061,-0.0587543696001612,-0.0064722024787357,-0.0078740157480314,127,34.16676672736934,4.233333333333333,0.5571140863980321,0.2730871355547397,0.4996353290618855,0.3145639683014931,0.463511337276705,0.356223417686275,0.3666666666666666,4.675255310016111,1.0350940043680852,1.0944398272132638,1.612915233084341,0.4635815690460622,0.9939226713036182,1.1413691005367008,2.3040940998699084,4.0,39.0,0.2952051540930089,0.0072236578758639,0.0089527717227635,1.0753797473667022,0.0670595229087768,0.2999822185010353,15.0,0.4166576266288757,0.3373986184597015,1.3712180852890017,28.52950859069824,185.58219751825192,6.568395068991142,82,1.4904600208917027,0.007674908708248519
sfs4,sfv5,125.3,3759,0.8145783453046023,0.7773343974461293,0.6288906624102155,157.8698281071637,4.892879928886772,13.665639653687874,308.8372607871513,41.85394205418188,193.92158126755848,0.61181640625,6.362890625,0.112,0.258,36,6,216,0.1652293028433663,0.2641695697810085,3.9536006701260784,1.610465943895537,0.9231516103042948,0.9617617286756048,6.929522958993823,2.184460505137246,28.0,0.3239628311775006,0.8352897298994975,3.937915418082877,scoliotic,-13.698994343660504,-7.403214328541827,-0.9249405955963658,3.852538022200252,-0.0081300231062261,-0.0192307692307693,0.0192307692307692,104,35.95835793672337,3.466666666666667,0.5636468387922253,0.2688480144208636,0.5069443194087643,0.3063840144788893,0.4694450962130888,0.3467964104643177,0.2333333333333333,4.385938490402541,2.5082264286189675,1.2640831893141666,1.0447031197844967,0.4908656642641044,1.1931393628307068,0.7343656467535518,2.337307731184985,7.0,36.0,0.2831728589212637,0.0187068109630554,0.0093941237735588,0.8528887116494965,0.0661883397283229,0.2150155010070146,15.0,0.4566000998020172,0.4068275094032287,1.2336268424987793,26.87570571899414,202.04795958364568,7.219777887503995,100,1.6223705973531473,0.00810692577623905
sfs4,sfv6,102.7,3081,0.98539435248296,0.9863680623174294,0.812723141837066,175.80113251133292,5.535616466569002,14.22846583422676,314.88851490162,27.299966787751117,116.75185683412892,0.8023437500000001,5.816992187500001,0.186,0.188,22,4,88,0.2765613693645443,0.4583838032653906,3.5468587640402016,15.030096963473746,0.8088818398096749,0.9067633397530304,4.230443974630021,1.5035732272635245,38.0,0.346652313600188,0.9565198150155998,4.659825708482483,scoliotic,-2.7475807703414263,-2.318431967657936,0.3683513789119119,1.8570988776883957,-0.0213178649707957,0.0090811696949214,-0.010752688172043,93,34.10870484369556,3.1,0.6458072404964232,0.2522197649429873,0.5935008009203702,0.308332451706711,0.554391702509537,0.369450481733871,0.1666666666666666,0.2919738259723552,0.1800971990037307,1.1168763967244342,1.2902433527664088,0.3049583385665173,1.0003377418015995,0.9646743581933868,2.806054479225452,4.0,22.0,0.2043459260140331,0.0110515411323017,0.0101373661540611,1.2721677909210134,0.1111741730038651,0.333781584423357,15.0,0.4302040934562683,0.3997989892959595,0.9876378774642944,24.785289764404297,347.72228565660504,9.080523071038892,165,2.2023241565060045,0.011250949846545066
sfs4,sfv7,126.3,3789,0.8656637635259963,0.8300343098442861,0.5843230403800475,171.1784258877535,5.167160462773965,14.99231416830279,381.49821296733336,34.59546008271712,147.14066637112097,0.1233398437499999,6.043652343749999,0.132,0.174,25,5,125,0.2301130872138582,0.328313624402512,4.352600540605275,4.337956386275764,0.9335669073382242,0.9670157372098876,5.824191197901486,1.9688849418734573,53.0,0.3706351464801801,0.813509403453387,3.815424963369429,scoliotic,9.252755423048452,5.042334437860708,1.044039499131624,1.461036865653976,0.1067891150882078,-0.0223272368362021,0.027027027027027,74,38.10580839030364,2.466666666666667,0.565894783561357,0.2683162188793232,0.507935145933733,0.3053319899671372,0.4693203915094636,0.345702219597149,0.2416666666666666,0.0274920644020345,-0.0734814419248079,1.208950294420111,1.031444176541615,0.4744376368119387,1.12998616441651,0.7645403116036191,2.84884293652274,6.0,25.0,0.2837614523362509,0.0084542153245814,0.0071735041403944,1.1453657729876583,0.0881337850009737,0.2930614632219155,15.0,0.430524468421936,0.3845863044261932,1.035067796707153,30.22802352905273,242.6867157973119,7.485047697501111,113,1.403144782403133,0.008282242604090126
sfs4,sfv8,101.2,3036,0.8814229249011858,0.8982213438735178,0.6653491436100132,160.6767650807405,5.03689285288317,14.939538372443025,302.32736164091034,31.63534279859698,130.1123368215637,0.3953125,9.388671875,0.132,0.216,28,4,112,0.2592291618170087,0.4118718704810895,3.120070104557481,14.456181760061334,0.9475991605892498,0.9745579588190072,6.447353951890034,2.085997234884037,23.0,0.4609108034383486,0.9215781291012984,3.525803217966894,scoliotic,-9.604812844819186,-5.753780500499562,-1.6649413098309942,7.085935837175409,-0.0860425205489603,-0.0563449289563939,0.0425531914893617,94,37.29230698463156,3.1333333333333333,0.6098613125435159,0.2625928899710767,0.5556477144406458,0.3117258794133946,0.5174250500236975,0.3627838794135605,0.2333333333333333,-2.419298980951319,0.0756468798489027,1.18537011029706,0.7793377722160013,0.3301014735252683,1.1245284449825197,0.5995275239098166,2.180787572348649,4.0,28.0,0.2377802642988956,0.0125746055647582,0.0095697386440869,1.238590503452729,0.0907166465975626,0.3214585475055819,15.0,0.4287868142127991,0.3891400694847107,1.0515073537826538,26.66286277770996,184.6945136644076,5.999542166966029,122,1.8621163781584649,0.007153981883653099
sfs4,sfv9,98.93333333333334,2968,0.8763477088948787,0.8440026954177897,0.633423180592992,154.5752871450685,4.7874146505378485,16.784020880855067,316.81838248573524,31.24930674789461,130.11577491712916,0.28984375,5.50703125,0.138,0.16,18,5,90,0.3005053367136398,0.4515092836870407,2.5941806080605847,-4.863898945299319,0.9583434001771765,0.9791616332447453,9.92915475704369,2.507280980022189,136.0,0.4483875009629943,0.9394475180136505,3.925843161780387,scoliotic,-6.465257891118354,-4.401293486918969,-0.3747768490033587,1.706278755869385,-0.0360457232996564,0.0273922624520235,-0.0309278350515463,97,33.99568682188248,3.2333333333333334,0.6275233075875415,0.2595495635637743,0.57357428247841,0.3153525817112211,0.5343872048543498,0.3735650889367327,0.2666666666666666,0.0267459616829783,-0.4813974761711756,1.1663727036730416,1.147366706583888,0.4585794694647825,1.0928851255932903,0.8354351497373882,2.747136737976882,4.0,18.0,0.2238765812533751,0.0131518600951527,0.0099076279138383,1.0460322710450245,0.049956224096434,0.3742506345214101,14.0,0.5296235680580139,0.3712141513824463,1.3293061256408691,24.744787216186523,161.22908663347414,5.811873227071514,88,1.0979152304105713,0.006747816592502392
sfs4,sfv10,102.5,3075,0.9030894308943088,0.8061788617886179,0.593821138211382,158.99391323325247,4.875672878597721,14.427375674871502,289.7200396503025,33.53606958486708,150.52522018142415,0.2001953125,5.30517578125,0.14,0.238,22,4,88,0.295981935764157,0.4403293210754526,3.745356207162685,14.771144212711404,0.8362788414334806,0.9199803632793324,4.492554515697755,1.5976359857829143,37.0,0.4774251864083635,0.7491019096237475,4.516752541970579,scoliotic,-3.439008744257756,-3.562643897114352,0.0618471654492419,1.637794060805824,0.0037202094556425,0.0559062042012701,-0.0485436893203883,103,35.514917375827366,3.433333333333333,0.5922377660082411,0.266918116246447,0.5368475645572749,0.3124711651831807,0.4969967791634739,0.3606517531072789,0.2666666666666666,0.1144216055679251,-0.1539453032900292,1.198198951149451,0.6756361659913563,0.4638516284987999,1.087718661776895,0.5086715449669488,2.853199870663249,4.0,22.0,0.2541252821896401,0.0118573285946077,0.0131585095684556,1.341895241006433,0.0916199088881004,0.3616657046348267,11.0,0.438446581363678,0.3934581577777862,1.1369446516036987,29.27849769592285,174.7352508200951,6.4979950138129805,113,1.5093443298257063,0.0069122514877371114
